date,product,customer,units
2020-11-01,Product-02,Customer-03,77383
2020-12-01,Product-02,Customer-03,75628
2021-01-01,Product-02,Customer-03,72231
2021-02-01,Product-02,Customer-03,76740
2021-03-01,Product-02,Customer-03,70340
2021-04-01,Product-02,Customer-03,70640
2021-05-01,Product-02,Customer-03,85003
2021-06-01,Product-02,Customer-03,91585
2021-07-01,Product-02,Customer-03,82132
2021-08-01,Product-02,Customer-03,75549
2021-09-01,Product-02,Customer-03,94840
2021-10-01,Product-02,Customer-03,84524
2021-11-01,Product-02,Customer-03,88013
2021-12-01,Product-02,Customer-03,73947
2022-01-01,Product-02,Customer-03,86371
2022-02-01,Product-02,Customer-03,94739
2022-03-01,Product-02,Customer-03,76910
2022-04-01,Product-02,Customer-03,94267
2022-05-01,Product-02,Customer-03,84573
2022-06-01,Product-02,Customer-03,79872
2022-07-01,Product-02,Customer-03,93477
2022-08-01,Product-02,Customer-03,90734
2022-09-01,Product-02,Customer-03,85126
2022-10-01,Product-02,Customer-03,94226
2022-11-01,Product-02,Customer-03,89976
2022-12-01,Product-02,Customer-03,91331
2023-01-01,Product-02,Customer-03,91723
2023-02-01,Product-02,Customer-03,88908
2023-03-01,Product-02,Customer-03,104562
2023-04-01,Product-02,Customer-03,86813
2023-05-01,Product-02,Customer-03,93819
2023-06-01,Product-02,Customer-03,86428
2023-07-01,Product-02,Customer-03,110293
2023-08-01,Product-02,Customer-03,96385
2023-09-01,Product-02,Customer-03,95184
2023-10-01,Product-02,Customer-03,102452
2023-11-01,Product-02,Customer-03,82882
2023-12-01,Product-02,Customer-03,104189
2024-01-01,Product-02,Customer-03,98837
2024-02-01,Product-02,Customer-03,88663
2024-03-01,Product-02,Customer-03,95316
2024-04-01,Product-02,Customer-03,97285
2024-05-01,Product-02,Customer-03,99408
2024-06-01,Product-02,Customer-03,103515
2024-07-01,Product-02,Customer-03,123512
2024-08-01,Product-02,Customer-03,114980
2024-09-01,Product-02,Customer-03,112078
2024-10-01,Product-02,Customer-03,115937
2024-11-01,Product-02,Customer-03,113138
2024-12-01,Product-02,Customer-03,108157
2025-01-01,Product-02,Customer-03,109502
2025-02-01,Product-02,Customer-03,112650
2025-03-01,Product-02,Customer-03,111568
2025-04-01,Product-02,Customer-03,102290
2025-05-01,Product-02,Customer-03,112069
2025-06-01,Product-02,Customer-03,131592
2025-07-01,Product-02,Customer-03,135053
2025-08-01,Product-02,Customer-03,136435
2025-09-01,Product-02,Customer-03,114526
2025-10-01,Product-02,Customer-03,127503
2020-11-01,Product-02,Customer-05,79825
2020-12-01,Product-02,Customer-05,69279
2021-01-01,Product-02,Customer-05,85756
2021-02-01,Product-02,Customer-05,87095
2021-03-01,Product-02,Customer-05,93341
2021-04-01,Product-02,Customer-05,74518
2021-05-01,Product-02,Customer-05,79793
2021-06-01,Product-02,Customer-05,93129
2021-07-01,Product-02,Customer-05,88200
2021-08-01,Product-02,Customer-05,84918
2021-09-01,Product-02,Customer-05,77068
2021-10-01,Product-02,Customer-05,81830
2021-11-01,Product-02,Customer-05,75052
2021-12-01,Product-02,Customer-05,93059
2022-01-01,Product-02,Customer-05,89082
2022-02-01,Product-02,Customer-05,80308
2022-03-01,Product-02,Customer-05,87317
2022-04-01,Product-02,Customer-05,93130
2022-05-01,Product-02,Customer-05,92340
2022-06-01,Product-02,Customer-05,84402
2022-07-01,Product-02,Customer-05,92535
2022-08-01,Product-02,Customer-05,86080
2022-09-01,Product-02,Customer-05,106257
2022-10-01,Product-02,Customer-05,92376
2022-11-01,Product-02,Customer-05,90802
2022-12-01,Product-02,Customer-05,105689
2023-01-01,Product-02,Customer-05,99492
2023-02-01,Product-02,Customer-05,102310
2023-03-01,Product-02,Customer-05,98297
2023-04-01,Product-02,Customer-05,92956
2023-05-01,Product-02,Customer-05,94236
2023-06-01,Product-02,Customer-05,97416
2023-07-01,Product-02,Customer-05,110806
2023-08-01,Product-02,Customer-05,105738
2023-09-01,Product-02,Customer-05,103810
2023-10-01,Product-02,Customer-05,112742
2023-11-01,Product-02,Customer-05,107564
2023-12-01,Product-02,Customer-05,99216
2024-01-01,Product-02,Customer-05,98489
2024-02-01,Product-02,Customer-05,110006
2024-03-01,Product-02,Customer-05,103447
2024-04-01,Product-02,Customer-05,92885
2024-05-01,Product-02,Customer-05,97225
2024-06-01,Product-02,Customer-05,121323
2024-07-01,Product-02,Customer-05,101803
2024-08-01,Product-02,Customer-05,110473
2024-09-01,Product-02,Customer-05,109809
2024-10-01,Product-02,Customer-05,123007
2024-11-01,Product-02,Customer-05,107351
2024-12-01,Product-02,Customer-05,111819
2025-01-01,Product-02,Customer-05,111729
2025-02-01,Product-02,Customer-05,102012
2025-03-01,Product-02,Customer-05,127374
2025-04-01,Product-02,Customer-05,98546
2025-05-01,Product-02,Customer-05,128099
2025-06-01,Product-02,Customer-05,130195
2025-07-01,Product-02,Customer-05,119892
2025-08-01,Product-02,Customer-05,109846
2025-09-01,Product-02,Customer-05,130575
2025-10-01,Product-02,Customer-05,108046
2020-11-01,Product-02,Customer-04,58574
2020-12-01,Product-02,Customer-04,65755
2021-01-01,Product-02,Customer-04,64970
2021-02-01,Product-02,Customer-04,52821
2021-03-01,Product-02,Customer-04,57194
2021-04-01,Product-02,Customer-04,62703
2021-05-01,Product-02,Customer-04,59173
2021-06-01,Product-02,Customer-04,62828
2021-07-01,Product-02,Customer-04,75114
2021-08-01,Product-02,Customer-04,59218
2021-09-01,Product-02,Customer-04,65392
2021-10-01,Product-02,Customer-04,65655
2021-11-01,Product-02,Customer-04,58826
2021-12-01,Product-02,Customer-04,55639
2022-01-01,Product-02,Customer-04,70141
2022-02-01,Product-02,Customer-04,55481
2022-03-01,Product-02,Customer-04,56073
2022-04-01,Product-02,Customer-04,72464
2022-05-01,Product-02,Customer-04,68991
2022-06-01,Product-02,Customer-04,75246
2022-07-01,Product-02,Customer-04,70489
2022-08-01,Product-02,Customer-04,76875
2022-09-01,Product-02,Customer-04,71506
2022-10-01,Product-02,Customer-04,62761
2022-11-01,Product-02,Customer-04,73616
2022-12-01,Product-02,Customer-04,70924
2023-01-01,Product-02,Customer-04,65402
2023-02-01,Product-02,Customer-04,58715
2023-03-01,Product-02,Customer-04,65435
2023-04-01,Product-02,Customer-04,82290
2023-05-01,Product-02,Customer-04,75785
2023-06-01,Product-02,Customer-04,72621
2023-07-01,Product-02,Customer-04,70946
2023-08-01,Product-02,Customer-04,85235
2023-09-01,Product-02,Customer-04,66021
2023-10-01,Product-02,Customer-04,83394
2023-11-01,Product-02,Customer-04,72354
2023-12-01,Product-02,Customer-04,67788
2024-01-01,Product-02,Customer-04,69467
2024-02-01,Product-02,Customer-04,82560
2024-03-01,Product-02,Customer-04,73422
2024-04-01,Product-02,Customer-04,88719
2024-05-01,Product-02,Customer-04,80796
2024-06-01,Product-02,Customer-04,85312
2024-07-01,Product-02,Customer-04,78119
2024-08-01,Product-02,Customer-04,83353
2024-09-01,Product-02,Customer-04,70256
2024-10-01,Product-02,Customer-04,81227
2024-11-01,Product-02,Customer-04,88433
2024-12-01,Product-02,Customer-04,71792
2025-01-01,Product-02,Customer-04,89862
2025-02-01,Product-02,Customer-04,88922
2025-03-01,Product-02,Customer-04,93401
2025-04-01,Product-02,Customer-04,90824
2025-05-01,Product-02,Customer-04,92409
2025-06-01,Product-02,Customer-04,93439
2025-07-01,Product-02,Customer-04,89305
2025-08-01,Product-02,Customer-04,104839
2025-09-01,Product-02,Customer-04,91318
2025-10-01,Product-02,Customer-04,87027
2020-11-01,Product-06,Customer-03,164988
2020-12-01,Product-06,Customer-03,171118
2021-01-01,Product-06,Customer-03,141114
2021-02-01,Product-06,Customer-03,125916
2021-03-01,Product-06,Customer-03,168801
2021-04-01,Product-06,Customer-03,142687
2021-05-01,Product-06,Customer-03,168169
2021-06-01,Product-06,Customer-03,210447
2021-07-01,Product-06,Customer-03,214909
2021-08-01,Product-06,Customer-03,198402
2021-09-01,Product-06,Customer-03,212535
2021-10-01,Product-06,Customer-03,159208
2021-11-01,Product-06,Customer-03,166544
2021-12-01,Product-06,Customer-03,197791
2022-01-01,Product-06,Customer-03,160079
2022-02-01,Product-06,Customer-03,163684
2022-03-01,Product-06,Customer-03,171188
2022-04-01,Product-06,Customer-03,196457
2022-05-01,Product-06,Customer-03,186589
2022-06-01,Product-06,Customer-03,245310
2022-07-01,Product-06,Customer-03,225573
2022-08-01,Product-06,Customer-03,252367
2022-09-01,Product-06,Customer-03,219379
2022-10-01,Product-06,Customer-03,194816
2022-11-01,Product-06,Customer-03,185620
2022-12-01,Product-06,Customer-03,181320
2023-01-01,Product-06,Customer-03,195697
2023-02-01,Product-06,Customer-03,173692
2023-03-01,Product-06,Customer-03,221911
2023-04-01,Product-06,Customer-03,209460
2023-05-01,Product-06,Customer-03,211927
2023-06-01,Product-06,Customer-03,232339
2023-07-01,Product-06,Customer-03,290528
2023-08-01,Product-06,Customer-03,257166
2023-09-01,Product-06,Customer-03,214820
2023-10-01,Product-06,Customer-03,263282
2023-11-01,Product-06,Customer-03,244342
2023-12-01,Product-06,Customer-03,220317
2024-01-01,Product-06,Customer-03,192714
2024-02-01,Product-06,Customer-03,207431
2024-03-01,Product-06,Customer-03,255327
2024-04-01,Product-06,Customer-03,278697
2024-05-01,Product-06,Customer-03,246715
2024-06-01,Product-06,Customer-03,313570
2024-07-01,Product-06,Customer-03,303623
2024-08-01,Product-06,Customer-03,326310
2024-09-01,Product-06,Customer-03,243807
2024-10-01,Product-06,Customer-03,288128
2024-11-01,Product-06,Customer-03,286577
2024-12-01,Product-06,Customer-03,263753
2025-01-01,Product-06,Customer-03,247638
2025-02-01,Product-06,Customer-03,289590
2025-03-01,Product-06,Customer-03,268503
2025-04-01,Product-06,Customer-03,327085
2025-05-01,Product-06,Customer-03,282242
2025-06-01,Product-06,Customer-03,382930
2025-07-01,Product-06,Customer-03,349756
2025-08-01,Product-06,Customer-03,304076
2025-09-01,Product-06,Customer-03,302148
2025-10-01,Product-06,Customer-03,263418
2020-11-01,Product-06,Customer-05,63884
2020-12-01,Product-06,Customer-05,67590
2021-01-01,Product-06,Customer-05,58324
2021-02-01,Product-06,Customer-05,72359
2021-03-01,Product-06,Customer-05,84482
2021-04-01,Product-06,Customer-05,82870
2021-05-01,Product-06,Customer-05,85203
2021-06-01,Product-06,Customer-05,97126
2021-07-01,Product-06,Customer-05,94694
2021-08-01,Product-06,Customer-05,108197
2021-09-01,Product-06,Customer-05,75253
2021-10-01,Product-06,Customer-05,85415
2021-11-01,Product-06,Customer-05,87779
2021-12-01,Product-06,Customer-05,75805
2022-01-01,Product-06,Customer-05,87550
2022-02-01,Product-06,Customer-05,86153
2022-03-01,Product-06,Customer-05,83404
2022-04-01,Product-06,Customer-05,87157
2022-05-01,Product-06,Customer-05,99209
2022-06-01,Product-06,Customer-05,103905
2022-07-01,Product-06,Customer-05,120923
2022-08-01,Product-06,Customer-05,119912
2022-09-01,Product-06,Customer-05,102995
2022-10-01,Product-06,Customer-05,102856
2022-11-01,Product-06,Customer-05,79207
2022-12-01,Product-06,Customer-05,81594
2023-01-01,Product-06,Customer-05,97006
2023-02-01,Product-06,Customer-05,84194
2023-03-01,Product-06,Customer-05,108243
2023-04-01,Product-06,Customer-05,97468
2023-05-01,Product-06,Customer-05,109472
2023-06-01,Product-06,Customer-05,123590
2023-07-01,Product-06,Customer-05,116479
2023-08-01,Product-06,Customer-05,141250
2023-09-01,Product-06,Customer-05,127437
2023-10-01,Product-06,Customer-05,115252
2023-11-01,Product-06,Customer-05,102634
2023-12-01,Product-06,Customer-05,103887
2024-01-01,Product-06,Customer-05,116605
2024-02-01,Product-06,Customer-05,94353
2024-03-01,Product-06,Customer-05,124655
2024-04-01,Product-06,Customer-05,123165
2024-05-01,Product-06,Customer-05,142277
2024-06-01,Product-06,Customer-05,122771
2024-07-01,Product-06,Customer-05,152454
2024-08-01,Product-06,Customer-05,128276
2024-09-01,Product-06,Customer-05,152163
2024-10-01,Product-06,Customer-05,119710
2024-11-01,Product-06,Customer-05,106580
2024-12-01,Product-06,Customer-05,113053
2025-01-01,Product-06,Customer-05,118185
2025-02-01,Product-06,Customer-05,123411
2025-03-01,Product-06,Customer-05,133421
2025-04-01,Product-06,Customer-05,122236
2025-05-01,Product-06,Customer-05,135210
2025-06-01,Product-06,Customer-05,159330
2025-07-01,Product-06,Customer-05,165768
2025-08-01,Product-06,Customer-05,156486
2025-09-01,Product-06,Customer-05,153896
2025-10-01,Product-06,Customer-05,145747
2020-11-01,Product-06,Customer-04,58493
2020-12-01,Product-06,Customer-04,69633
2021-01-01,Product-06,Customer-04,58070
2021-02-01,Product-06,Customer-04,62365
2021-03-01,Product-06,Customer-04,68122
2021-04-01,Product-06,Customer-04,62060
2021-05-01,Product-06,Customer-04,84155
2021-06-01,Product-06,Customer-04,81825
2021-07-01,Product-06,Customer-04,87390
2021-08-01,Product-06,Customer-04,79729
2021-09-01,Product-06,Customer-04,85036
2021-10-01,Product-06,Customer-04,70363
2021-11-01,Product-06,Customer-04,69468
2021-12-01,Product-06,Customer-04,69934
2022-01-01,Product-06,Customer-04,64787
2022-02-01,Product-06,Customer-04,71683
2022-03-01,Product-06,Customer-04,79694
2022-04-01,Product-06,Customer-04,84087
2022-05-01,Product-06,Customer-04,79848
2022-06-01,Product-06,Customer-04,87925
2022-07-01,Product-06,Customer-04,110194
2022-08-01,Product-06,Customer-04,105269
2022-09-01,Product-06,Customer-04,83038
2022-10-01,Product-06,Customer-04,82535
2022-11-01,Product-06,Customer-04,93140
2022-12-01,Product-06,Customer-04,85428
2023-01-01,Product-06,Customer-04,72608
2023-02-01,Product-06,Customer-04,78750
2023-03-01,Product-06,Customer-04,93747
2023-04-01,Product-06,Customer-04,101921
2023-05-01,Product-06,Customer-04,96694
2023-06-01,Product-06,Customer-04,98839
2023-07-01,Product-06,Customer-04,113470
2023-08-01,Product-06,Customer-04,129734
2023-09-01,Product-06,Customer-04,116943
2023-10-01,Product-06,Customer-04,92346
2023-11-01,Product-06,Customer-04,95954
2023-12-01,Product-06,Customer-04,107520
2024-01-01,Product-06,Customer-04,105516
2024-02-01,Product-06,Customer-04,98156
2024-03-01,Product-06,Customer-04,88811
2024-04-01,Product-06,Customer-04,123376
2024-05-01,Product-06,Customer-04,106602
2024-06-01,Product-06,Customer-04,136800
2024-07-01,Product-06,Customer-04,133190
2024-08-01,Product-06,Customer-04,139671
2024-09-01,Product-06,Customer-04,116755
2024-10-01,Product-06,Customer-04,103609
2024-11-01,Product-06,Customer-04,108677
2024-12-01,Product-06,Customer-04,123193
2025-01-01,Product-06,Customer-04,116208
2025-02-01,Product-06,Customer-04,97130
2025-03-01,Product-06,Customer-04,105826
2025-04-01,Product-06,Customer-04,126879
2025-05-01,Product-06,Customer-04,123224
2025-06-01,Product-06,Customer-04,147660
2025-07-01,Product-06,Customer-04,137419
2025-08-01,Product-06,Customer-04,140197
2025-09-01,Product-06,Customer-04,132183
2025-10-01,Product-06,Customer-04,146047
2020-11-01,Product-06,Customer-01,57309
2020-12-01,Product-06,Customer-01,56896
2021-01-01,Product-06,Customer-01,47320
2021-02-01,Product-06,Customer-01,56786
2021-03-01,Product-06,Customer-01,67799
2021-04-01,Product-06,Customer-01,66999
2021-05-01,Product-06,Customer-01,73104
2021-06-01,Product-06,Customer-01,77311
2021-07-01,Product-06,Customer-01,87513
2021-08-01,Product-06,Customer-01,90139
2021-09-01,Product-06,Customer-01,65458
2021-10-01,Product-06,Customer-01,60646
2021-11-01,Product-06,Customer-01,62520
2021-12-01,Product-06,Customer-01,63685
2022-01-01,Product-06,Customer-01,55440
2022-02-01,Product-06,Customer-01,72483
2022-03-01,Product-06,Customer-01,79452
2022-04-01,Product-06,Customer-01,85844
2022-05-01,Product-06,Customer-01,69675
2022-06-01,Product-06,Customer-01,96799
2022-07-01,Product-06,Customer-01,99009
2022-08-01,Product-06,Customer-01,79502
2022-09-01,Product-06,Customer-01,77407
2022-10-01,Product-06,Customer-01,87762
2022-11-01,Product-06,Customer-01,75704
2022-12-01,Product-06,Customer-01,79236
2023-01-01,Product-06,Customer-01,71508
2023-02-01,Product-06,Customer-01,78270
2023-03-01,Product-06,Customer-01,82984
2023-04-01,Product-06,Customer-01,89190
2023-05-01,Product-06,Customer-01,79875
2023-06-01,Product-06,Customer-01,113491
2023-07-01,Product-06,Customer-01,92032
2023-08-01,Product-06,Customer-01,101510
2023-09-01,Product-06,Customer-01,95751
2023-10-01,Product-06,Customer-01,91236
2023-11-01,Product-06,Customer-01,87964
2023-12-01,Product-06,Customer-01,94940
2024-01-01,Product-06,Customer-01,93680
2024-02-01,Product-06,Customer-01,77596
2024-03-01,Product-06,Customer-01,97988
2024-04-01,Product-06,Customer-01,96968
2024-05-01,Product-06,Customer-01,91105
2024-06-01,Product-06,Customer-01,99021
2024-07-01,Product-06,Customer-01,127215
2024-08-01,Product-06,Customer-01,102591
2024-09-01,Product-06,Customer-01,106944
2024-10-01,Product-06,Customer-01,93377
2024-11-01,Product-06,Customer-01,109787
2024-12-01,Product-06,Customer-01,89552
2025-01-01,Product-06,Customer-01,97536
2025-02-01,Product-06,Customer-01,93264
2025-03-01,Product-06,Customer-01,111478
2025-04-01,Product-06,Customer-01,130249
2025-05-01,Product-06,Customer-01,126806
2025-06-01,Product-06,Customer-01,116264
2025-07-01,Product-06,Customer-01,126776
2025-08-01,Product-06,Customer-01,158523
2025-09-01,Product-06,Customer-01,120654
2025-10-01,Product-06,Customer-01,136149
2020-11-01,Product-06,Customer-02,24375
2020-12-01,Product-06,Customer-02,29753
2021-01-01,Product-06,Customer-02,22351
2021-02-01,Product-06,Customer-02,24714
2021-03-01,Product-06,Customer-02,28510
2021-04-01,Product-06,Customer-02,26098
2021-05-01,Product-06,Customer-02,35909
2021-06-01,Product-06,Customer-02,35530
2021-07-01,Product-06,Customer-02,34169
2021-08-01,Product-06,Customer-02,37532
2021-09-01,Product-06,Customer-02,31205
2021-10-01,Product-06,Customer-02,35465
2021-11-01,Product-06,Customer-02,32559
2021-12-01,Product-06,Customer-02,26650
2022-01-01,Product-06,Customer-02,31769
2022-02-01,Product-06,Customer-02,32942
2022-03-01,Product-06,Customer-02,33499
2022-04-01,Product-06,Customer-02,32211
2022-05-01,Product-06,Customer-02,39673
2022-06-01,Product-06,Customer-02,43480
2022-07-01,Product-06,Customer-02,41681
2022-08-01,Product-06,Customer-02,44601
2022-09-01,Product-06,Customer-02,37848
2022-10-01,Product-06,Customer-02,39970
2022-11-01,Product-06,Customer-02,31827
2022-12-01,Product-06,Customer-02,38962
2023-01-01,Product-06,Customer-02,32087
2023-02-01,Product-06,Customer-02,33009
2023-03-01,Product-06,Customer-02,41726
2023-04-01,Product-06,Customer-02,41030
2023-05-01,Product-06,Customer-02,37103
2023-06-01,Product-06,Customer-02,46264
2023-07-01,Product-06,Customer-02,49029
2023-08-01,Product-06,Customer-02,40544
2023-09-01,Product-06,Customer-02,45367
2023-10-01,Product-06,Customer-02,37976
2023-11-01,Product-06,Customer-02,35617
2023-12-01,Product-06,Customer-02,37598
2024-01-01,Product-06,Customer-02,33873
2024-02-01,Product-06,Customer-02,40445
2024-03-01,Product-06,Customer-02,39257
2024-04-01,Product-06,Customer-02,46227
2024-05-01,Product-06,Customer-02,45858
2024-06-01,Product-06,Customer-02,44837
2024-07-01,Product-06,Customer-02,57613
2024-08-01,Product-06,Customer-02,61201
2024-09-01,Product-06,Customer-02,52166
2024-10-01,Product-06,Customer-02,40463
2024-11-01,Product-06,Customer-02,49487
2024-12-01,Product-06,Customer-02,48468
2025-01-01,Product-06,Customer-02,49573
2025-02-01,Product-06,Customer-02,51463
2025-03-01,Product-06,Customer-02,50983
2025-04-01,Product-06,Customer-02,56657
2025-05-01,Product-06,Customer-02,57221
2025-06-01,Product-06,Customer-02,66721
2025-07-01,Product-06,Customer-02,69243
2025-08-01,Product-06,Customer-02,72126
2025-09-01,Product-06,Customer-02,66068
2025-10-01,Product-06,Customer-02,48044
2020-11-01,Product-09,Customer-03,164327
2020-12-01,Product-09,Customer-03,187199
2021-01-01,Product-09,Customer-03,150768
2021-02-01,Product-09,Customer-03,165452
2021-03-01,Product-09,Customer-03,207432
2021-04-01,Product-09,Customer-03,220646
2021-05-01,Product-09,Customer-03,247183
2021-06-01,Product-09,Customer-03,269596
2021-07-01,Product-09,Customer-03,348638
2021-08-01,Product-09,Customer-03,281278
2021-09-01,Product-09,Customer-03,284871
2021-10-01,Product-09,Customer-03,243324
2021-11-01,Product-09,Customer-03,196359
2021-12-01,Product-09,Customer-03,186220
2022-01-01,Product-09,Customer-03,195792
2022-02-01,Product-09,Customer-03,190887
2022-03-01,Product-09,Customer-03,239420
2022-04-01,Product-09,Customer-03,271496
2022-05-01,Product-09,Customer-03,293085
2022-06-01,Product-09,Customer-03,280182
2022-07-01,Product-09,Customer-03,317614
2022-08-01,Product-09,Customer-03,348771
2022-09-01,Product-09,Customer-03,278850
2022-10-01,Product-09,Customer-03,282376
2022-11-01,Product-09,Customer-03,237343
2022-12-01,Product-09,Customer-03,264546
2023-01-01,Product-09,Customer-03,223992
2023-02-01,Product-09,Customer-03,228562
2023-03-01,Product-09,Customer-03,210912
2023-04-01,Product-09,Customer-03,254421
2023-05-01,Product-09,Customer-03,316747
2023-06-01,Product-09,Customer-03,351685
2023-07-01,Product-09,Customer-03,346032
2023-08-01,Product-09,Customer-03,392405
2023-09-01,Product-09,Customer-03,338937
2023-10-01,Product-09,Customer-03,272247
2023-11-01,Product-09,Customer-03,266863
2023-12-01,Product-09,Customer-03,299465
2024-01-01,Product-09,Customer-03,249446
2024-02-01,Product-09,Customer-03,260337
2024-03-01,Product-09,Customer-03,307695
2024-04-01,Product-09,Customer-03,313383
2024-05-01,Product-09,Customer-03,353245
2024-06-01,Product-09,Customer-03,446915
2024-07-01,Product-09,Customer-03,438880
2024-08-01,Product-09,Customer-03,368648
2024-09-01,Product-09,Customer-03,395063
2024-10-01,Product-09,Customer-03,340965
2024-11-01,Product-09,Customer-03,248383
2024-12-01,Product-09,Customer-03,269771
2025-01-01,Product-09,Customer-03,224646
2025-02-01,Product-09,Customer-03,291124
2025-03-01,Product-09,Customer-03,267203
2025-04-01,Product-09,Customer-03,332515
2025-05-01,Product-09,Customer-03,335744
2025-06-01,Product-09,Customer-03,430425
2025-07-01,Product-09,Customer-03,459044
2025-08-01,Product-09,Customer-03,415722
2025-09-01,Product-09,Customer-03,438613
2025-10-01,Product-09,Customer-03,393927
2020-11-01,Product-09,Customer-05,85330
2020-12-01,Product-09,Customer-05,103136
2021-01-01,Product-09,Customer-05,70750
2021-02-01,Product-09,Customer-05,88370
2021-03-01,Product-09,Customer-05,85734
2021-04-01,Product-09,Customer-05,114837
2021-05-01,Product-09,Customer-05,109013
2021-06-01,Product-09,Customer-05,141193
2021-07-01,Product-09,Customer-05,159156
2021-08-01,Product-09,Customer-05,152612
2021-09-01,Product-09,Customer-05,126044
2021-10-01,Product-09,Customer-05,89799
2021-11-01,Product-09,Customer-05,88349
2021-12-01,Product-09,Customer-05,97898
2022-01-01,Product-09,Customer-05,95403
2022-02-01,Product-09,Customer-05,95587
2022-03-01,Product-09,Customer-05,116159
2022-04-01,Product-09,Customer-05,104125
2022-05-01,Product-09,Customer-05,142290
2022-06-01,Product-09,Customer-05,157230
2022-07-01,Product-09,Customer-05,156921
2022-08-01,Product-09,Customer-05,179907
2022-09-01,Product-09,Customer-05,140997
2022-10-01,Product-09,Customer-05,113335
2022-11-01,Product-09,Customer-05,91481
2022-12-01,Product-09,Customer-05,101944
2023-01-01,Product-09,Customer-05,84058
2023-02-01,Product-09,Customer-05,117395
2023-03-01,Product-09,Customer-05,131455
2023-04-01,Product-09,Customer-05,139942
2023-05-01,Product-09,Customer-05,150611
2023-06-01,Product-09,Customer-05,167152
2023-07-01,Product-09,Customer-05,182135
2023-08-01,Product-09,Customer-05,176971
2023-09-01,Product-09,Customer-05,148669
2023-10-01,Product-09,Customer-05,129339
2023-11-01,Product-09,Customer-05,115489
2023-12-01,Product-09,Customer-05,124638
2024-01-01,Product-09,Customer-05,107945
2024-02-01,Product-09,Customer-05,120199
2024-03-01,Product-09,Customer-05,115059
2024-04-01,Product-09,Customer-05,150073
2024-05-01,Product-09,Customer-05,177225
2024-06-01,Product-09,Customer-05,182735
2024-07-01,Product-09,Customer-05,194013
2024-08-01,Product-09,Customer-05,177634
2024-09-01,Product-09,Customer-05,154990
2024-10-01,Product-09,Customer-05,161954
2024-11-01,Product-09,Customer-05,126881
2024-12-01,Product-09,Customer-05,123020
2025-01-01,Product-09,Customer-05,109163
2025-02-01,Product-09,Customer-05,113257
2025-03-01,Product-09,Customer-05,151448
2025-04-01,Product-09,Customer-05,176173
2025-05-01,Product-09,Customer-05,203149
2025-06-01,Product-09,Customer-05,213620
2025-07-01,Product-09,Customer-05,216903
2025-08-01,Product-09,Customer-05,203920
2025-09-01,Product-09,Customer-05,183612
2025-10-01,Product-09,Customer-05,147490
2020-11-01,Product-09,Customer-04,67645
2020-12-01,Product-09,Customer-04,84622
2021-01-01,Product-09,Customer-04,69546
2021-02-01,Product-09,Customer-04,78529
2021-03-01,Product-09,Customer-04,87038
2021-04-01,Product-09,Customer-04,90521
2021-05-01,Product-09,Customer-04,113550
2021-06-01,Product-09,Customer-04,104336
2021-07-01,Product-09,Customer-04,116939
2021-08-01,Product-09,Customer-04,113252
2021-09-01,Product-09,Customer-04,104693
2021-10-01,Product-09,Customer-04,92042
2021-11-01,Product-09,Customer-04,84982
2021-12-01,Product-09,Customer-04,94561
2022-01-01,Product-09,Customer-04,75425
2022-02-01,Product-09,Customer-04,81683
2022-03-01,Product-09,Customer-04,89530
2022-04-01,Product-09,Customer-04,113531
2022-05-01,Product-09,Customer-04,106789
2022-06-01,Product-09,Customer-04,123809
2022-07-01,Product-09,Customer-04,150513
2022-08-01,Product-09,Customer-04,137656
2022-09-01,Product-09,Customer-04,113003
2022-10-01,Product-09,Customer-04,110289
2022-11-01,Product-09,Customer-04,109373
2022-12-01,Product-09,Customer-04,111263
2023-01-01,Product-09,Customer-04,89447
2023-02-01,Product-09,Customer-04,91271
2023-03-01,Product-09,Customer-04,112037
2023-04-01,Product-09,Customer-04,125607
2023-05-01,Product-09,Customer-04,124327
2023-06-01,Product-09,Customer-04,156797
2023-07-01,Product-09,Customer-04,174245
2023-08-01,Product-09,Customer-04,180033
2023-09-01,Product-09,Customer-04,134311
2023-10-01,Product-09,Customer-04,107944
2023-11-01,Product-09,Customer-04,115398
2023-12-01,Product-09,Customer-04,130805
2024-01-01,Product-09,Customer-04,93675
2024-02-01,Product-09,Customer-04,113431
2024-03-01,Product-09,Customer-04,110066
2024-04-01,Product-09,Customer-04,118028
2024-05-01,Product-09,Customer-04,125345
2024-06-01,Product-09,Customer-04,172714
2024-07-01,Product-09,Customer-04,181006
2024-08-01,Product-09,Customer-04,167439
2024-09-01,Product-09,Customer-04,132432
2024-10-01,Product-09,Customer-04,126505
2024-11-01,Product-09,Customer-04,138054
2024-12-01,Product-09,Customer-04,139401
2025-01-01,Product-09,Customer-04,98759
2025-02-01,Product-09,Customer-04,116872
2025-03-01,Product-09,Customer-04,147988
2025-04-01,Product-09,Customer-04,129142
2025-05-01,Product-09,Customer-04,146988
2025-06-01,Product-09,Customer-04,205565
2025-07-01,Product-09,Customer-04,226575
2025-08-01,Product-09,Customer-04,189478
2025-09-01,Product-09,Customer-04,192735
2025-10-01,Product-09,Customer-04,135035
2020-11-01,Product-09,Customer-01,77451
2020-12-01,Product-09,Customer-01,66252
2021-01-01,Product-09,Customer-01,63637
2021-02-01,Product-09,Customer-01,75416
2021-03-01,Product-09,Customer-01,67083
2021-04-01,Product-09,Customer-01,86503
2021-05-01,Product-09,Customer-01,98254
2021-06-01,Product-09,Customer-01,104855
2021-07-01,Product-09,Customer-01,106857
2021-08-01,Product-09,Customer-01,101318
2021-09-01,Product-09,Customer-01,112065
2021-10-01,Product-09,Customer-01,83562
2021-11-01,Product-09,Customer-01,80236
2021-12-01,Product-09,Customer-01,95167
2022-01-01,Product-09,Customer-01,68342
2022-02-01,Product-09,Customer-01,71305
2022-03-01,Product-09,Customer-01,98145
2022-04-01,Product-09,Customer-01,91075
2022-05-01,Product-09,Customer-01,123159
2022-06-01,Product-09,Customer-01,122461
2022-07-01,Product-09,Customer-01,148529
2022-08-01,Product-09,Customer-01,113465
2022-09-01,Product-09,Customer-01,108574
2022-10-01,Product-09,Customer-01,86808
2022-11-01,Product-09,Customer-01,81864
2022-12-01,Product-09,Customer-01,82613
2023-01-01,Product-09,Customer-01,82451
2023-02-01,Product-09,Customer-01,77949
2023-03-01,Product-09,Customer-01,88296
2023-04-01,Product-09,Customer-01,123404
2023-05-01,Product-09,Customer-01,108860
2023-06-01,Product-09,Customer-01,144668
2023-07-01,Product-09,Customer-01,149373
2023-08-01,Product-09,Customer-01,152595
2023-09-01,Product-09,Customer-01,114394
2023-10-01,Product-09,Customer-01,93695
2023-11-01,Product-09,Customer-01,94992
2023-12-01,Product-09,Customer-01,97391
2024-01-01,Product-09,Customer-01,89959
2024-02-01,Product-09,Customer-01,83645
2024-03-01,Product-09,Customer-01,107084
2024-04-01,Product-09,Customer-01,114463
2024-05-01,Product-09,Customer-01,121463
2024-06-01,Product-09,Customer-01,143669
2024-07-01,Product-09,Customer-01,166227
2024-08-01,Product-09,Customer-01,183734
2024-09-01,Product-09,Customer-01,121494
2024-10-01,Product-09,Customer-01,132551
2024-11-01,Product-09,Customer-01,123993
2024-12-01,Product-09,Customer-01,116057
2025-01-01,Product-09,Customer-01,110325
2025-02-01,Product-09,Customer-01,122292
2025-03-01,Product-09,Customer-01,112441
2025-04-01,Product-09,Customer-01,144667
2025-05-01,Product-09,Customer-01,146841
2025-06-01,Product-09,Customer-01,153340
2025-07-01,Product-09,Customer-01,161453
2025-08-01,Product-09,Customer-01,190088
2025-09-01,Product-09,Customer-01,144299
2025-10-01,Product-09,Customer-01,129378
2020-11-01,Product-09,Customer-02,29202
2020-12-01,Product-09,Customer-02,36231
2021-01-01,Product-09,Customer-02,25492
2021-02-01,Product-09,Customer-02,27659
2021-03-01,Product-09,Customer-02,40206
2021-04-01,Product-09,Customer-02,40257
2021-05-01,Product-09,Customer-02,46976
2021-06-01,Product-09,Customer-02,50092
2021-07-01,Product-09,Customer-02,61680
2021-08-01,Product-09,Customer-02,56891
2021-09-01,Product-09,Customer-02,42001
2021-10-01,Product-09,Customer-02,45095
2021-11-01,Product-09,Customer-02,39124
2021-12-01,Product-09,Customer-02,39226
2022-01-01,Product-09,Customer-02,35121
2022-02-01,Product-09,Customer-02,30170
2022-03-01,Product-09,Customer-02,41382
2022-04-01,Product-09,Customer-02,49566
2022-05-01,Product-09,Customer-02,42108
2022-06-01,Product-09,Customer-02,53482
2022-07-01,Product-09,Customer-02,64331
2022-08-01,Product-09,Customer-02,62713
2022-09-01,Product-09,Customer-02,54248
2022-10-01,Product-09,Customer-02,37895
2022-11-01,Product-09,Customer-02,41116
2022-12-01,Product-09,Customer-02,48571
2023-01-01,Product-09,Customer-02,32224
2023-02-01,Product-09,Customer-02,33177
2023-03-01,Product-09,Customer-02,43107
2023-04-01,Product-09,Customer-02,54234
2023-05-01,Product-09,Customer-02,47869
2023-06-01,Product-09,Customer-02,54742
2023-07-01,Product-09,Customer-02,62184
2023-08-01,Product-09,Customer-02,73301
2023-09-01,Product-09,Customer-02,49324
2023-10-01,Product-09,Customer-02,44760
2023-11-01,Product-09,Customer-02,38901
2023-12-01,Product-09,Customer-02,52189
2024-01-01,Product-09,Customer-02,36709
2024-02-01,Product-09,Customer-02,49723
2024-03-01,Product-09,Customer-02,43646
2024-04-01,Product-09,Customer-02,62887
2024-05-01,Product-09,Customer-02,62044
2024-06-01,Product-09,Customer-02,78827
2024-07-01,Product-09,Customer-02,80366
2024-08-01,Product-09,Customer-02,78480
2024-09-01,Product-09,Customer-02,56003
2024-10-01,Product-09,Customer-02,50824
2024-11-01,Product-09,Customer-02,45567
2024-12-01,Product-09,Customer-02,59865
2025-01-01,Product-09,Customer-02,39596
2025-02-01,Product-09,Customer-02,52358
2025-03-01,Product-09,Customer-02,48327
2025-04-01,Product-09,Customer-02,62600
2025-05-01,Product-09,Customer-02,64606
2025-06-01,Product-09,Customer-02,88128
2025-07-01,Product-09,Customer-02,91486
2025-08-01,Product-09,Customer-02,71721
2025-09-01,Product-09,Customer-02,67356
2025-10-01,Product-09,Customer-02,57708
2020-11-01,Product-08,Customer-03,146498
2020-12-01,Product-08,Customer-03,140390
2021-01-01,Product-08,Customer-03,104996
2021-02-01,Product-08,Customer-03,141473
2021-03-01,Product-08,Customer-03,160960
2021-04-01,Product-08,Customer-03,149850
2021-05-01,Product-08,Customer-03,171877
2021-06-01,Product-08,Customer-03,229601
2021-07-01,Product-08,Customer-03,233270
2021-08-01,Product-08,Customer-03,217007
2021-09-01,Product-08,Customer-03,160758
2021-10-01,Product-08,Customer-03,183708
2021-11-01,Product-08,Customer-03,152805
2021-12-01,Product-08,Customer-03,144677
2022-01-01,Product-08,Customer-03,140567
2022-02-01,Product-08,Customer-03,135871
2022-03-01,Product-08,Customer-03,163777
2022-04-01,Product-08,Customer-03,155711
2022-05-01,Product-08,Customer-03,186664
2022-06-01,Product-08,Customer-03,200838
2022-07-01,Product-08,Customer-03,234021
2022-08-01,Product-08,Customer-03,248481
2022-09-01,Product-08,Customer-03,194040
2022-10-01,Product-08,Customer-03,182874
2022-11-01,Product-08,Customer-03,176801
2022-12-01,Product-08,Customer-03,193018
2023-01-01,Product-08,Customer-03,153390
2023-02-01,Product-08,Customer-03,141714
2023-03-01,Product-08,Customer-03,173639
2023-04-01,Product-08,Customer-03,225984
2023-05-01,Product-08,Customer-03,249421
2023-06-01,Product-08,Customer-03,281108
2023-07-01,Product-08,Customer-03,245711
2023-08-01,Product-08,Customer-03,292370
2023-09-01,Product-08,Customer-03,228378
2023-10-01,Product-08,Customer-03,171385
2023-11-01,Product-08,Customer-03,187213
2023-12-01,Product-08,Customer-03,204893
2024-01-01,Product-08,Customer-03,176577
2024-02-01,Product-08,Customer-03,193193
2024-03-01,Product-08,Customer-03,206129
2024-04-01,Product-08,Customer-03,212562
2024-05-01,Product-08,Customer-03,275208
2024-06-01,Product-08,Customer-03,271545
2024-07-01,Product-08,Customer-03,279279
2024-08-01,Product-08,Customer-03,311109
2024-09-01,Product-08,Customer-03,244822
2024-10-01,Product-08,Customer-03,195034
2024-11-01,Product-08,Customer-03,167458
2024-12-01,Product-08,Customer-03,179807
2025-01-01,Product-08,Customer-03,176365
2025-02-01,Product-08,Customer-03,195998
2025-03-01,Product-08,Customer-03,240125
2025-04-01,Product-08,Customer-03,260921
2025-05-01,Product-08,Customer-03,303883
2025-06-01,Product-08,Customer-03,300471
2025-07-01,Product-08,Customer-03,322524
2025-08-01,Product-08,Customer-03,357333
2025-09-01,Product-08,Customer-03,280166
2025-10-01,Product-08,Customer-03,233596
2020-11-01,Product-08,Customer-05,59790
2020-12-01,Product-08,Customer-05,75571
2021-01-01,Product-08,Customer-05,54027
2021-02-01,Product-08,Customer-05,68317
2021-03-01,Product-08,Customer-05,68348
2021-04-01,Product-08,Customer-05,76079
2021-05-01,Product-08,Customer-05,85768
2021-06-01,Product-08,Customer-05,87820
2021-07-01,Product-08,Customer-05,94839
2021-08-01,Product-08,Customer-05,106221
2021-09-01,Product-08,Customer-05,92643
2021-10-01,Product-08,Customer-05,84691
2021-11-01,Product-08,Customer-05,79078
2021-12-01,Product-08,Customer-05,83996
2022-01-01,Product-08,Customer-05,62426
2022-02-01,Product-08,Customer-05,65664
2022-03-01,Product-08,Customer-05,79775
2022-04-01,Product-08,Customer-05,74031
2022-05-01,Product-08,Customer-05,91846
2022-06-01,Product-08,Customer-05,105535
2022-07-01,Product-08,Customer-05,116749
2022-08-01,Product-08,Customer-05,106870
2022-09-01,Product-08,Customer-05,98153
2022-10-01,Product-08,Customer-05,97368
2022-11-01,Product-08,Customer-05,73500
2022-12-01,Product-08,Customer-05,86889
2023-01-01,Product-08,Customer-05,67835
2023-02-01,Product-08,Customer-05,74588
2023-03-01,Product-08,Customer-05,72394
2023-04-01,Product-08,Customer-05,102534
2023-05-01,Product-08,Customer-05,115972
2023-06-01,Product-08,Customer-05,107452
2023-07-01,Product-08,Customer-05,145644
2023-08-01,Product-08,Customer-05,110004
2023-09-01,Product-08,Customer-05,120254
2023-10-01,Product-08,Customer-05,89423
2023-11-01,Product-08,Customer-05,92120
2023-12-01,Product-08,Customer-05,81055
2024-01-01,Product-08,Customer-05,74376
2024-02-01,Product-08,Customer-05,90978
2024-03-01,Product-08,Customer-05,94216
2024-04-01,Product-08,Customer-05,91511
2024-05-01,Product-08,Customer-05,98632
2024-06-01,Product-08,Customer-05,134775
2024-07-01,Product-08,Customer-05,149112
2024-08-01,Product-08,Customer-05,142111
2024-09-01,Product-08,Customer-05,102690
2024-10-01,Product-08,Customer-05,88688
2024-11-01,Product-08,Customer-05,87824
2024-12-01,Product-08,Customer-05,96889
2025-01-01,Product-08,Customer-05,89361
2025-02-01,Product-08,Customer-05,79118
2025-03-01,Product-08,Customer-05,114098
2025-04-01,Product-08,Customer-05,122823
2025-05-01,Product-08,Customer-05,144589
2025-06-01,Product-08,Customer-05,128948
2025-07-01,Product-08,Customer-05,137160
2025-08-01,Product-08,Customer-05,165860
2025-09-01,Product-08,Customer-05,124262
2025-10-01,Product-08,Customer-05,106555
2020-11-01,Product-08,Customer-04,63425
2020-12-01,Product-08,Customer-04,60083
2021-01-01,Product-08,Customer-04,55431
2021-02-01,Product-08,Customer-04,49666
2021-03-01,Product-08,Customer-04,64409
2021-04-01,Product-08,Customer-04,60453
2021-05-01,Product-08,Customer-04,85273
2021-06-01,Product-08,Customer-04,77077
2021-07-01,Product-08,Customer-04,108683
2021-08-01,Product-08,Customer-04,99625
2021-09-01,Product-08,Customer-04,86576
2021-10-01,Product-08,Customer-04,72705
2021-11-01,Product-08,Customer-04,56685
2021-12-01,Product-08,Customer-04,77078
2022-01-01,Product-08,Customer-04,48360
2022-02-01,Product-08,Customer-04,60582
2022-03-01,Product-08,Customer-04,59468
2022-04-01,Product-08,Customer-04,83581
2022-05-01,Product-08,Customer-04,80900
2022-06-01,Product-08,Customer-04,103823
2022-07-01,Product-08,Customer-04,97554
2022-08-01,Product-08,Customer-04,95023
2022-09-01,Product-08,Customer-04,98438
2022-10-01,Product-08,Customer-04,76555
2022-11-01,Product-08,Customer-04,67760
2022-12-01,Product-08,Customer-04,83817
2023-01-01,Product-08,Customer-04,56638
2023-02-01,Product-08,Customer-04,66085
2023-03-01,Product-08,Customer-04,78816
2023-04-01,Product-08,Customer-04,80307
2023-05-01,Product-08,Customer-04,93283
2023-06-01,Product-08,Customer-04,98424
2023-07-01,Product-08,Customer-04,104131
2023-08-01,Product-08,Customer-04,117572
2023-09-01,Product-08,Customer-04,84254
2023-10-01,Product-08,Customer-04,72333
2023-11-01,Product-08,Customer-04,86224
2023-12-01,Product-08,Customer-04,85788
2024-01-01,Product-08,Customer-04,71257
2024-02-01,Product-08,Customer-04,66810
2024-03-01,Product-08,Customer-04,72312
2024-04-01,Product-08,Customer-04,84529
2024-05-01,Product-08,Customer-04,108277
2024-06-01,Product-08,Customer-04,128288
2024-07-01,Product-08,Customer-04,134964
2024-08-01,Product-08,Customer-04,109556
2024-09-01,Product-08,Customer-04,117924
2024-10-01,Product-08,Customer-04,95431
2024-11-01,Product-08,Customer-04,78490
2024-12-01,Product-08,Customer-04,82016
2025-01-01,Product-08,Customer-04,66699
2025-02-01,Product-08,Customer-04,78276
2025-03-01,Product-08,Customer-04,88305
2025-04-01,Product-08,Customer-04,88898
2025-05-01,Product-08,Customer-04,114378
2025-06-01,Product-08,Customer-04,124475
2025-07-01,Product-08,Customer-04,155986
2025-08-01,Product-08,Customer-04,129379
2025-09-01,Product-08,Customer-04,126000
2025-10-01,Product-08,Customer-04,97975
2020-11-01,Product-08,Customer-01,54515
2020-12-01,Product-08,Customer-01,56781
2021-01-01,Product-08,Customer-01,42344
2021-02-01,Product-08,Customer-01,58021
2021-03-01,Product-08,Customer-01,64808
2021-04-01,Product-08,Customer-01,58918
2021-05-01,Product-08,Customer-01,69882
2021-06-01,Product-08,Customer-01,83740
2021-07-01,Product-08,Customer-01,97585
2021-08-01,Product-08,Customer-01,77165
2021-09-01,Product-08,Customer-01,75679
2021-10-01,Product-08,Customer-01,70641
2021-11-01,Product-08,Customer-01,51963
2021-12-01,Product-08,Customer-01,64597
2022-01-01,Product-08,Customer-01,45926
2022-02-01,Product-08,Customer-01,50728
2022-03-01,Product-08,Customer-01,68814
2022-04-01,Product-08,Customer-01,81176
2022-05-01,Product-08,Customer-01,79993
2022-06-01,Product-08,Customer-01,87251
2022-07-01,Product-08,Customer-01,90807
2022-08-01,Product-08,Customer-01,90246
2022-09-01,Product-08,Customer-01,80970
2022-10-01,Product-08,Customer-01,69235
2022-11-01,Product-08,Customer-01,60745
2022-12-01,Product-08,Customer-01,75230
2023-01-01,Product-08,Customer-01,54617
2023-02-01,Product-08,Customer-01,56505
2023-03-01,Product-08,Customer-01,76246
2023-04-01,Product-08,Customer-01,68659
2023-05-01,Product-08,Customer-01,97477
2023-06-01,Product-08,Customer-01,110699
2023-07-01,Product-08,Customer-01,92170
2023-08-01,Product-08,Customer-01,94763
2023-09-01,Product-08,Customer-01,77362
2023-10-01,Product-08,Customer-01,70910
2023-11-01,Product-08,Customer-01,65618
2023-12-01,Product-08,Customer-01,67148
2024-01-01,Product-08,Customer-01,67360
2024-02-01,Product-08,Customer-01,73334
2024-03-01,Product-08,Customer-01,78398
2024-04-01,Product-08,Customer-01,87934
2024-05-01,Product-08,Customer-01,108064
2024-06-01,Product-08,Customer-01,102322
2024-07-01,Product-08,Customer-01,113760
2024-08-01,Product-08,Customer-01,104428
2024-09-01,Product-08,Customer-01,83823
2024-10-01,Product-08,Customer-01,95821
2024-11-01,Product-08,Customer-01,69699
2024-12-01,Product-08,Customer-01,81409
2025-01-01,Product-08,Customer-01,64694
2025-02-01,Product-08,Customer-01,73634
2025-03-01,Product-08,Customer-01,84770
2025-04-01,Product-08,Customer-01,96756
2025-05-01,Product-08,Customer-01,104221
2025-06-01,Product-08,Customer-01,118315
2025-07-01,Product-08,Customer-01,118937
2025-08-01,Product-08,Customer-01,143249
2025-09-01,Product-08,Customer-01,96449
2025-10-01,Product-08,Customer-01,81208
2020-11-01,Product-08,Customer-02,23882
2020-12-01,Product-08,Customer-02,22619
2021-01-01,Product-08,Customer-02,23925
2021-02-01,Product-08,Customer-02,23536
2021-03-01,Product-08,Customer-02,24412
2021-04-01,Product-08,Customer-02,30498
2021-05-01,Product-08,Customer-02,33315
2021-06-01,Product-08,Customer-02,34377
2021-07-01,Product-08,Customer-02,42359
2021-08-01,Product-08,Customer-02,38743
2021-09-01,Product-08,Customer-02,37199
2021-10-01,Product-08,Customer-02,33004
2021-11-01,Product-08,Customer-02,29253
2021-12-01,Product-08,Customer-02,26613
2022-01-01,Product-08,Customer-02,22394
2022-02-01,Product-08,Customer-02,26544
2022-03-01,Product-08,Customer-02,25331
2022-04-01,Product-08,Customer-02,34900
2022-05-01,Product-08,Customer-02,38900
2022-06-01,Product-08,Customer-02,36547
2022-07-01,Product-08,Customer-02,46214
2022-08-01,Product-08,Customer-02,45645
2022-09-01,Product-08,Customer-02,33867
2022-10-01,Product-08,Customer-02,35989
2022-11-01,Product-08,Customer-02,24964
2022-12-01,Product-08,Customer-02,34259
2023-01-01,Product-08,Customer-02,24389
2023-02-01,Product-08,Customer-02,30387
2023-03-01,Product-08,Customer-02,34633
2023-04-01,Product-08,Customer-02,37540
2023-05-01,Product-08,Customer-02,44273
2023-06-01,Product-08,Customer-02,47496
2023-07-01,Product-08,Customer-02,49294
2023-08-01,Product-08,Customer-02,50833
2023-09-01,Product-08,Customer-02,38641
2023-10-01,Product-08,Customer-02,35463
2023-11-01,Product-08,Customer-02,33478
2023-12-01,Product-08,Customer-02,32866
2024-01-01,Product-08,Customer-02,25774
2024-02-01,Product-08,Customer-02,27319
2024-03-01,Product-08,Customer-02,30952
2024-04-01,Product-08,Customer-02,36668
2024-05-01,Product-08,Customer-02,48857
2024-06-01,Product-08,Customer-02,50311
2024-07-01,Product-08,Customer-02,58678
2024-08-01,Product-08,Customer-02,51778
2024-09-01,Product-08,Customer-02,46132
2024-10-01,Product-08,Customer-02,33201
2024-11-01,Product-08,Customer-02,29994
2024-12-01,Product-08,Customer-02,38707
2025-01-01,Product-08,Customer-02,33694
2025-02-01,Product-08,Customer-02,34843
2025-03-01,Product-08,Customer-02,34128
2025-04-01,Product-08,Customer-02,44041
2025-05-01,Product-08,Customer-02,48635
2025-06-01,Product-08,Customer-02,55374
2025-07-01,Product-08,Customer-02,56515
2025-08-01,Product-08,Customer-02,58700
2025-09-01,Product-08,Customer-02,51474
2025-10-01,Product-08,Customer-02,41557
2020-11-01,Product-03,Customer-03,143893
2020-12-01,Product-03,Customer-03,152128
2021-01-01,Product-03,Customer-03,135035
2021-02-01,Product-03,Customer-03,145901
2021-03-01,Product-03,Customer-03,145780
2021-04-01,Product-03,Customer-03,143166
2021-05-01,Product-03,Customer-03,136413
2021-06-01,Product-03,Customer-03,156798
2021-07-01,Product-03,Customer-03,169757
2021-08-01,Product-03,Customer-03,165895
2021-09-01,Product-03,Customer-03,172234
2021-10-01,Product-03,Customer-03,145382
2021-11-01,Product-03,Customer-03,154222
2021-12-01,Product-03,Customer-03,152716
2022-01-01,Product-03,Customer-03,166856
2022-02-01,Product-03,Customer-03,150399
2022-03-01,Product-03,Customer-03,144223
2022-04-01,Product-03,Customer-03,159905
2022-05-01,Product-03,Customer-03,166289
2022-06-01,Product-03,Customer-03,214661
2022-07-01,Product-03,Customer-03,235490
2022-08-01,Product-03,Customer-03,242098
2022-09-01,Product-03,Customer-03,220222
2022-10-01,Product-03,Customer-03,163024
2022-11-01,Product-03,Customer-03,195846
2022-12-01,Product-03,Customer-03,195780
2023-01-01,Product-03,Customer-03,179926
2023-02-01,Product-03,Customer-03,180514
2023-03-01,Product-03,Customer-03,168898
2023-04-01,Product-03,Customer-03,202425
2023-05-01,Product-03,Customer-03,228954
2023-06-01,Product-03,Customer-03,243481
2023-07-01,Product-03,Customer-03,230447
2023-08-01,Product-03,Customer-03,251626
2023-09-01,Product-03,Customer-03,260763
2023-10-01,Product-03,Customer-03,221477
2023-11-01,Product-03,Customer-03,241410
2023-12-01,Product-03,Customer-03,235490
2024-01-01,Product-03,Customer-03,191097
2024-02-01,Product-03,Customer-03,234456
2024-03-01,Product-03,Customer-03,235976
2024-04-01,Product-03,Customer-03,229994
2024-05-01,Product-03,Customer-03,296488
2024-06-01,Product-03,Customer-03,304522
2024-07-01,Product-03,Customer-03,334039
2024-08-01,Product-03,Customer-03,257311
2024-09-01,Product-03,Customer-03,293134
2024-10-01,Product-03,Customer-03,294767
2024-11-01,Product-03,Customer-03,261593
2024-12-01,Product-03,Customer-03,267860
2025-01-01,Product-03,Customer-03,259947
2025-02-01,Product-03,Customer-03,273923
2025-03-01,Product-03,Customer-03,250703
2025-04-01,Product-03,Customer-03,248424
2025-05-01,Product-03,Customer-03,300429
2025-06-01,Product-03,Customer-03,347129
2025-07-01,Product-03,Customer-03,312278
2025-08-01,Product-03,Customer-03,390547
2025-09-01,Product-03,Customer-03,354291
2025-10-01,Product-03,Customer-03,340699
2020-11-01,Product-03,Customer-05,53827
2020-12-01,Product-03,Customer-05,69591
2021-01-01,Product-03,Customer-05,56279
2021-02-01,Product-03,Customer-05,61962
2021-03-01,Product-03,Customer-05,67084
2021-04-01,Product-03,Customer-05,68700
2021-05-01,Product-03,Customer-05,68337
2021-06-01,Product-03,Customer-05,92049
2021-07-01,Product-03,Customer-05,84540
2021-08-01,Product-03,Customer-05,86347
2021-09-01,Product-03,Customer-05,80289
2021-10-01,Product-03,Customer-05,66554
2021-11-01,Product-03,Customer-05,81521
2021-12-01,Product-03,Customer-05,80907
2022-01-01,Product-03,Customer-05,76545
2022-02-01,Product-03,Customer-05,71226
2022-03-01,Product-03,Customer-05,77864
2022-04-01,Product-03,Customer-05,84878
2022-05-01,Product-03,Customer-05,102854
2022-06-01,Product-03,Customer-05,85864
2022-07-01,Product-03,Customer-05,117192
2022-08-01,Product-03,Customer-05,106529
2022-09-01,Product-03,Customer-05,88066
2022-10-01,Product-03,Customer-05,90174
2022-11-01,Product-03,Customer-05,80131
2022-12-01,Product-03,Customer-05,85574
2023-01-01,Product-03,Customer-05,90773
2023-02-01,Product-03,Customer-05,99605
2023-03-01,Product-03,Customer-05,82740
2023-04-01,Product-03,Customer-05,108892
2023-05-01,Product-03,Customer-05,121136
2023-06-01,Product-03,Customer-05,97766
2023-07-01,Product-03,Customer-05,109247
2023-08-01,Product-03,Customer-05,126705
2023-09-01,Product-03,Customer-05,105259
2023-10-01,Product-03,Customer-05,96832
2023-11-01,Product-03,Customer-05,109634
2023-12-01,Product-03,Customer-05,100922
2024-01-01,Product-03,Customer-05,104840
2024-02-01,Product-03,Customer-05,109866
2024-03-01,Product-03,Customer-05,106407
2024-04-01,Product-03,Customer-05,105221
2024-05-01,Product-03,Customer-05,106631
2024-06-01,Product-03,Customer-05,127909
2024-07-01,Product-03,Customer-05,142886
2024-08-01,Product-03,Customer-05,137147
2024-09-01,Product-03,Customer-05,134912
2024-10-01,Product-03,Customer-05,127973
2024-11-01,Product-03,Customer-05,116479
2024-12-01,Product-03,Customer-05,131711
2025-01-01,Product-03,Customer-05,122290
2025-02-01,Product-03,Customer-05,108903
2025-03-01,Product-03,Customer-05,145763
2025-04-01,Product-03,Customer-05,118215
2025-05-01,Product-03,Customer-05,140128
2025-06-01,Product-03,Customer-05,172818
2025-07-01,Product-03,Customer-05,169074
2025-08-01,Product-03,Customer-05,189664
2025-09-01,Product-03,Customer-05,149549
2025-10-01,Product-03,Customer-05,151025
2020-11-01,Product-03,Customer-04,60525
2020-12-01,Product-03,Customer-04,52525
2021-01-01,Product-03,Customer-04,48080
2021-02-01,Product-03,Customer-04,56719
2021-03-01,Product-03,Customer-04,68909
2021-04-01,Product-03,Customer-04,55961
2021-05-01,Product-03,Customer-04,69885
2021-06-01,Product-03,Customer-04,77306
2021-07-01,Product-03,Customer-04,68865
2021-08-01,Product-03,Customer-04,76364
2021-09-01,Product-03,Customer-04,73620
2021-10-01,Product-03,Customer-04,76097
2021-11-01,Product-03,Customer-04,59665
2021-12-01,Product-03,Customer-04,67558
2022-01-01,Product-03,Customer-04,72676
2022-02-01,Product-03,Customer-04,70319
2022-03-01,Product-03,Customer-04,69235
2022-04-01,Product-03,Customer-04,85929
2022-05-01,Product-03,Customer-04,83865
2022-06-01,Product-03,Customer-04,98419
2022-07-01,Product-03,Customer-04,87704
2022-08-01,Product-03,Customer-04,99107
2022-09-01,Product-03,Customer-04,87603
2022-10-01,Product-03,Customer-04,78741
2022-11-01,Product-03,Customer-04,77442
2022-12-01,Product-03,Customer-04,78310
2023-01-01,Product-03,Customer-04,78097
2023-02-01,Product-03,Customer-04,71665
2023-03-01,Product-03,Customer-04,77534
2023-04-01,Product-03,Customer-04,92911
2023-05-01,Product-03,Customer-04,100791
2023-06-01,Product-03,Customer-04,116195
2023-07-01,Product-03,Customer-04,99362
2023-08-01,Product-03,Customer-04,99351
2023-09-01,Product-03,Customer-04,102272
2023-10-01,Product-03,Customer-04,88779
2023-11-01,Product-03,Customer-04,88740
2023-12-01,Product-03,Customer-04,98972
2024-01-01,Product-03,Customer-04,78718
2024-02-01,Product-03,Customer-04,81945
2024-03-01,Product-03,Customer-04,107859
2024-04-01,Product-03,Customer-04,113816
2024-05-01,Product-03,Customer-04,109379
2024-06-01,Product-03,Customer-04,123809
2024-07-01,Product-03,Customer-04,113711
2024-08-01,Product-03,Customer-04,111041
2024-09-01,Product-03,Customer-04,126588
2024-10-01,Product-03,Customer-04,110277
2024-11-01,Product-03,Customer-04,104017
2024-12-01,Product-03,Customer-04,125745
2025-01-01,Product-03,Customer-04,108175
2025-02-01,Product-03,Customer-04,101888
2025-03-01,Product-03,Customer-04,119988
2025-04-01,Product-03,Customer-04,124148
2025-05-01,Product-03,Customer-04,146207
2025-06-01,Product-03,Customer-04,147765
2025-07-01,Product-03,Customer-04,146278
2025-08-01,Product-03,Customer-04,135386
2025-09-01,Product-03,Customer-04,154203
2025-10-01,Product-03,Customer-04,112971
2020-11-01,Product-03,Customer-01,57461
2020-12-01,Product-03,Customer-01,52174
2021-01-01,Product-03,Customer-01,56772
2021-02-01,Product-03,Customer-01,50541
2021-03-01,Product-03,Customer-01,51860
2021-04-01,Product-03,Customer-01,51848
2021-05-01,Product-03,Customer-01,66456
2021-06-01,Product-03,Customer-01,69518
2021-07-01,Product-03,Customer-01,72196
2021-08-01,Product-03,Customer-01,64539
2021-09-01,Product-03,Customer-01,63178
2021-10-01,Product-03,Customer-01,54362
2021-11-01,Product-03,Customer-01,53481
2021-12-01,Product-03,Customer-01,59987
2022-01-01,Product-03,Customer-01,49730
2022-02-01,Product-03,Customer-01,51969
2022-03-01,Product-03,Customer-01,65010
2022-04-01,Product-03,Customer-01,63693
2022-05-01,Product-03,Customer-01,79699
2022-06-01,Product-03,Customer-01,76438
2022-07-01,Product-03,Customer-01,75260
2022-08-01,Product-03,Customer-01,90079
2022-09-01,Product-03,Customer-01,73336
2022-10-01,Product-03,Customer-01,76806
2022-11-01,Product-03,Customer-01,77860
2022-12-01,Product-03,Customer-01,82643
2023-01-01,Product-03,Customer-01,76650
2023-02-01,Product-03,Customer-01,68321
2023-03-01,Product-03,Customer-01,86639
2023-04-01,Product-03,Customer-01,92621
2023-05-01,Product-03,Customer-01,83599
2023-06-01,Product-03,Customer-01,108824
2023-07-01,Product-03,Customer-01,98822
2023-08-01,Product-03,Customer-01,112347
2023-09-01,Product-03,Customer-01,80164
2023-10-01,Product-03,Customer-01,77192
2023-11-01,Product-03,Customer-01,94798
2023-12-01,Product-03,Customer-01,96117
2024-01-01,Product-03,Customer-01,81378
2024-02-01,Product-03,Customer-01,90686
2024-03-01,Product-03,Customer-01,101506
2024-04-01,Product-03,Customer-01,109321
2024-05-01,Product-03,Customer-01,91238
2024-06-01,Product-03,Customer-01,118799
2024-07-01,Product-03,Customer-01,122436
2024-08-01,Product-03,Customer-01,133007
2024-09-01,Product-03,Customer-01,104005
2024-10-01,Product-03,Customer-01,104671
2024-11-01,Product-03,Customer-01,87581
2024-12-01,Product-03,Customer-01,111654
2025-01-01,Product-03,Customer-01,88400
2025-02-01,Product-03,Customer-01,92485
2025-03-01,Product-03,Customer-01,120742
2025-04-01,Product-03,Customer-01,111289
2025-05-01,Product-03,Customer-01,138303
2025-06-01,Product-03,Customer-01,149264
2025-07-01,Product-03,Customer-01,133106
2025-08-01,Product-03,Customer-01,137442
2025-09-01,Product-03,Customer-01,142265
2025-10-01,Product-03,Customer-01,110305
2020-11-01,Product-03,Customer-02,21737
2020-12-01,Product-03,Customer-02,22794
2021-01-01,Product-03,Customer-02,21516
2021-02-01,Product-03,Customer-02,25094
2021-03-01,Product-03,Customer-02,26141
2021-04-01,Product-03,Customer-02,30101
2021-05-01,Product-03,Customer-02,24360
2021-06-01,Product-03,Customer-02,27462
2021-07-01,Product-03,Customer-02,32593
2021-08-01,Product-03,Customer-02,33950
2021-09-01,Product-03,Customer-02,26719
2021-10-01,Product-03,Customer-02,30256
2021-11-01,Product-03,Customer-02,30153
2021-12-01,Product-03,Customer-02,31397
2022-01-01,Product-03,Customer-02,29867
2022-02-01,Product-03,Customer-02,31475
2022-03-01,Product-03,Customer-02,25681
2022-04-01,Product-03,Customer-02,31742
2022-05-01,Product-03,Customer-02,34638
2022-06-01,Product-03,Customer-02,31676
2022-07-01,Product-03,Customer-02,42734
2022-08-01,Product-03,Customer-02,38848
2022-09-01,Product-03,Customer-02,34364
2022-10-01,Product-03,Customer-02,38168
2022-11-01,Product-03,Customer-02,30211
2022-12-01,Product-03,Customer-02,34806
2023-01-01,Product-03,Customer-02,30328
2023-02-01,Product-03,Customer-02,33017
2023-03-01,Product-03,Customer-02,34494
2023-04-01,Product-03,Customer-02,37190
2023-05-01,Product-03,Customer-02,35671
2023-06-01,Product-03,Customer-02,44602
2023-07-01,Product-03,Customer-02,51872
2023-08-01,Product-03,Customer-02,40846
2023-09-01,Product-03,Customer-02,37786
2023-10-01,Product-03,Customer-02,34006
2023-11-01,Product-03,Customer-02,42920
2023-12-01,Product-03,Customer-02,38565
2024-01-01,Product-03,Customer-02,37204
2024-02-01,Product-03,Customer-02,42595
2024-03-01,Product-03,Customer-02,45273
2024-04-01,Product-03,Customer-02,40325
2024-05-01,Product-03,Customer-02,49352
2024-06-01,Product-03,Customer-02,45507
2024-07-01,Product-03,Customer-02,47552
2024-08-01,Product-03,Customer-02,58996
2024-09-01,Product-03,Customer-02,51720
2024-10-01,Product-03,Customer-02,45489
2024-11-01,Product-03,Customer-02,51485
2024-12-01,Product-03,Customer-02,41100
2025-01-01,Product-03,Customer-02,45845
2025-02-01,Product-03,Customer-02,44966
2025-03-01,Product-03,Customer-02,52861
2025-04-01,Product-03,Customer-02,59103
2025-05-01,Product-03,Customer-02,48977
2025-06-01,Product-03,Customer-02,52532
2025-07-01,Product-03,Customer-02,69537
2025-08-01,Product-03,Customer-02,57761
2025-09-01,Product-03,Customer-02,64247
2025-10-01,Product-03,Customer-02,47605
2020-11-01,Product-05,Customer-03,210643
2020-12-01,Product-05,Customer-03,206792
2021-01-01,Product-05,Customer-03,213182
2021-02-01,Product-05,Customer-03,192559
2021-03-01,Product-05,Customer-03,222673
2021-04-01,Product-05,Customer-03,226235
2021-05-01,Product-05,Customer-03,192351
2021-06-01,Product-05,Customer-03,246694
2021-07-01,Product-05,Customer-03,216126
2021-08-01,Product-05,Customer-03,220136
2021-09-01,Product-05,Customer-03,188770
2021-10-01,Product-05,Customer-03,179972
2021-11-01,Product-05,Customer-03,201069
2021-12-01,Product-05,Customer-03,230671
2022-01-01,Product-05,Customer-03,212189
2022-02-01,Product-05,Customer-03,242149
2022-03-01,Product-05,Customer-03,204996
2022-04-01,Product-05,Customer-03,213188
2022-05-01,Product-05,Customer-03,209266
2022-06-01,Product-05,Customer-03,220899
2022-07-01,Product-05,Customer-03,242066
2022-08-01,Product-05,Customer-03,230127
2022-09-01,Product-05,Customer-03,213586
2022-10-01,Product-05,Customer-03,245819
2022-11-01,Product-05,Customer-03,205208
2022-12-01,Product-05,Customer-03,215067
2023-01-01,Product-05,Customer-03,257698
2023-02-01,Product-05,Customer-03,243449
2023-03-01,Product-05,Customer-03,266703
2023-04-01,Product-05,Customer-03,279651
2023-05-01,Product-05,Customer-03,272871
2023-06-01,Product-05,Customer-03,280368
2023-07-01,Product-05,Customer-03,285540
2023-08-01,Product-05,Customer-03,242925
2023-09-01,Product-05,Customer-03,248276
2023-10-01,Product-05,Customer-03,236163
2023-11-01,Product-05,Customer-03,251775
2023-12-01,Product-05,Customer-03,262893
2024-01-01,Product-05,Customer-03,253427
2024-02-01,Product-05,Customer-03,249046
2024-03-01,Product-05,Customer-03,293231
2024-04-01,Product-05,Customer-03,323422
2024-05-01,Product-05,Customer-03,316558
2024-06-01,Product-05,Customer-03,329681
2024-07-01,Product-05,Customer-03,330026
2024-08-01,Product-05,Customer-03,305366
2024-09-01,Product-05,Customer-03,335239
2024-10-01,Product-05,Customer-03,318149
2024-11-01,Product-05,Customer-03,311674
2024-12-01,Product-05,Customer-03,297544
2025-01-01,Product-05,Customer-03,326797
2025-02-01,Product-05,Customer-03,295750
2025-03-01,Product-05,Customer-03,276096
2025-04-01,Product-05,Customer-03,276333
2025-05-01,Product-05,Customer-03,304888
2025-06-01,Product-05,Customer-03,340071
2025-07-01,Product-05,Customer-03,350838
2025-08-01,Product-05,Customer-03,365676
2025-09-01,Product-05,Customer-03,349855
2025-10-01,Product-05,Customer-03,292521
2020-11-01,Product-05,Customer-05,103703
2020-12-01,Product-05,Customer-05,119540
2021-01-01,Product-05,Customer-05,134901
2021-02-01,Product-05,Customer-05,141672
2021-03-01,Product-05,Customer-05,131448
2021-04-01,Product-05,Customer-05,137236
2021-05-01,Product-05,Customer-05,118247
2021-06-01,Product-05,Customer-05,125931
2021-07-01,Product-05,Customer-05,135700
2021-08-01,Product-05,Customer-05,127583
2021-09-01,Product-05,Customer-05,155926
2021-10-01,Product-05,Customer-05,156045
2021-11-01,Product-05,Customer-05,151103
2021-12-01,Product-05,Customer-05,129241
2022-01-01,Product-05,Customer-05,124633
2022-02-01,Product-05,Customer-05,153313
2022-03-01,Product-05,Customer-05,136119
2022-04-01,Product-05,Customer-05,154954
2022-05-01,Product-05,Customer-05,162787
2022-06-01,Product-05,Customer-05,161197
2022-07-01,Product-05,Customer-05,161465
2022-08-01,Product-05,Customer-05,166240
2022-09-01,Product-05,Customer-05,152745
2022-10-01,Product-05,Customer-05,147098
2022-11-01,Product-05,Customer-05,148378
2022-12-01,Product-05,Customer-05,177377
2023-01-01,Product-05,Customer-05,155101
2023-02-01,Product-05,Customer-05,155548
2023-03-01,Product-05,Customer-05,175665
2023-04-01,Product-05,Customer-05,169369
2023-05-01,Product-05,Customer-05,150259
2023-06-01,Product-05,Customer-05,192513
2023-07-01,Product-05,Customer-05,198688
2023-08-01,Product-05,Customer-05,154305
2023-09-01,Product-05,Customer-05,176039
2023-10-01,Product-05,Customer-05,190029
2023-11-01,Product-05,Customer-05,177867
2023-12-01,Product-05,Customer-05,189128
2024-01-01,Product-05,Customer-05,193280
2024-02-01,Product-05,Customer-05,168047
2024-03-01,Product-05,Customer-05,156983
2024-04-01,Product-05,Customer-05,172627
2024-05-01,Product-05,Customer-05,182912
2024-06-01,Product-05,Customer-05,199771
2024-07-01,Product-05,Customer-05,207611
2024-08-01,Product-05,Customer-05,232469
2024-09-01,Product-05,Customer-05,207762
2024-10-01,Product-05,Customer-05,179972
2024-11-01,Product-05,Customer-05,171778
2024-12-01,Product-05,Customer-05,176743
2025-01-01,Product-05,Customer-05,186419
2025-02-01,Product-05,Customer-05,188686
2025-03-01,Product-05,Customer-05,187677
2025-04-01,Product-05,Customer-05,176926
2025-05-01,Product-05,Customer-05,208271
2025-06-01,Product-05,Customer-05,245288
2025-07-01,Product-05,Customer-05,218054
2025-08-01,Product-05,Customer-05,218288
2025-09-01,Product-05,Customer-05,243104
2025-10-01,Product-05,Customer-05,241297
2020-11-01,Product-05,Customer-04,94172
2020-12-01,Product-05,Customer-04,93820
2021-01-01,Product-05,Customer-04,85370
2021-02-01,Product-05,Customer-04,78863
2021-03-01,Product-05,Customer-04,82710
2021-04-01,Product-05,Customer-04,90304
2021-05-01,Product-05,Customer-04,85038
2021-06-01,Product-05,Customer-04,112089
2021-07-01,Product-05,Customer-04,101794
2021-08-01,Product-05,Customer-04,95708
2021-09-01,Product-05,Customer-04,94005
2021-10-01,Product-05,Customer-04,109106
2021-11-01,Product-05,Customer-04,108124
2021-12-01,Product-05,Customer-04,100172
2022-01-01,Product-05,Customer-04,83817
2022-02-01,Product-05,Customer-04,112675
2022-03-01,Product-05,Customer-04,102255
2022-04-01,Product-05,Customer-04,115573
2022-05-01,Product-05,Customer-04,100230
2022-06-01,Product-05,Customer-04,128789
2022-07-01,Product-05,Customer-04,110526
2022-08-01,Product-05,Customer-04,117266
2022-09-01,Product-05,Customer-04,99312
2022-10-01,Product-05,Customer-04,100746
2022-11-01,Product-05,Customer-04,103241
2022-12-01,Product-05,Customer-04,124797
2023-01-01,Product-05,Customer-04,116662
2023-02-01,Product-05,Customer-04,101210
2023-03-01,Product-05,Customer-04,121725
2023-04-01,Product-05,Customer-04,122423
2023-05-01,Product-05,Customer-04,122733
2023-06-01,Product-05,Customer-04,118390
2023-07-01,Product-05,Customer-04,140572
2023-08-01,Product-05,Customer-04,134913
2023-09-01,Product-05,Customer-04,118699
2023-10-01,Product-05,Customer-04,131259
2023-11-01,Product-05,Customer-04,119764
2023-12-01,Product-05,Customer-04,126841
2024-01-01,Product-05,Customer-04,130302
2024-02-01,Product-05,Customer-04,110463
2024-03-01,Product-05,Customer-04,136115
2024-04-01,Product-05,Customer-04,147325
2024-05-01,Product-05,Customer-04,120851
2024-06-01,Product-05,Customer-04,142477
2024-07-01,Product-05,Customer-04,155352
2024-08-01,Product-05,Customer-04,137556
2024-09-01,Product-05,Customer-04,162353
2024-10-01,Product-05,Customer-04,119079
2024-11-01,Product-05,Customer-04,118888
2024-12-01,Product-05,Customer-04,121172
2025-01-01,Product-05,Customer-04,122995
2025-02-01,Product-05,Customer-04,130927
2025-03-01,Product-05,Customer-04,139762
2025-04-01,Product-05,Customer-04,169073
2025-05-01,Product-05,Customer-04,159360
2025-06-01,Product-05,Customer-04,136413
2025-07-01,Product-05,Customer-04,182917
2025-08-01,Product-05,Customer-04,159834
2025-09-01,Product-05,Customer-04,175813
2025-10-01,Product-05,Customer-04,171203
2020-11-01,Product-05,Customer-01,79895
2020-12-01,Product-05,Customer-01,100690
2021-01-01,Product-05,Customer-01,98322
2021-02-01,Product-05,Customer-01,78404
2021-03-01,Product-05,Customer-01,81131
2021-04-01,Product-05,Customer-01,98662
2021-05-01,Product-05,Customer-01,104202
2021-06-01,Product-05,Customer-01,89198
2021-07-01,Product-05,Customer-01,103305
2021-08-01,Product-05,Customer-01,94202
2021-09-01,Product-05,Customer-01,102179
2021-10-01,Product-05,Customer-01,86115
2021-11-01,Product-05,Customer-01,99111
2021-12-01,Product-05,Customer-01,112383
2022-01-01,Product-05,Customer-01,83936
2022-02-01,Product-05,Customer-01,113706
2022-03-01,Product-05,Customer-01,89879
2022-04-01,Product-05,Customer-01,116977
2022-05-01,Product-05,Customer-01,115406
2022-06-01,Product-05,Customer-01,111101
2022-07-01,Product-05,Customer-01,112495
2022-08-01,Product-05,Customer-01,126380
2022-09-01,Product-05,Customer-01,125213
2022-10-01,Product-05,Customer-01,115415
2022-11-01,Product-05,Customer-01,125311
2022-12-01,Product-05,Customer-01,116526
2023-01-01,Product-05,Customer-01,113867
2023-02-01,Product-05,Customer-01,112054
2023-03-01,Product-05,Customer-01,130300
2023-04-01,Product-05,Customer-01,107844
2023-05-01,Product-05,Customer-01,117214
2023-06-01,Product-05,Customer-01,140006
2023-07-01,Product-05,Customer-01,144347
2023-08-01,Product-05,Customer-01,148380
2023-09-01,Product-05,Customer-01,112849
2023-10-01,Product-05,Customer-01,118499
2023-11-01,Product-05,Customer-01,124314
2023-12-01,Product-05,Customer-01,129486
2024-01-01,Product-05,Customer-01,137832
2024-02-01,Product-05,Customer-01,125309
2024-03-01,Product-05,Customer-01,124371
2024-04-01,Product-05,Customer-01,143121
2024-05-01,Product-05,Customer-01,125308
2024-06-01,Product-05,Customer-01,122287
2024-07-01,Product-05,Customer-01,160820
2024-08-01,Product-05,Customer-01,165936
2024-09-01,Product-05,Customer-01,137802
2024-10-01,Product-05,Customer-01,128847
2024-11-01,Product-05,Customer-01,118463
2024-12-01,Product-05,Customer-01,157663
2025-01-01,Product-05,Customer-01,157518
2025-02-01,Product-05,Customer-01,130117
2025-03-01,Product-05,Customer-01,125753
2025-04-01,Product-05,Customer-01,127979
2025-05-01,Product-05,Customer-01,152347
2025-06-01,Product-05,Customer-01,137389
2025-07-01,Product-05,Customer-01,184013
2025-08-01,Product-05,Customer-01,164290
2025-09-01,Product-05,Customer-01,159208
2025-10-01,Product-05,Customer-01,135923
2020-11-01,Product-04,Customer-03,123917
2020-12-01,Product-04,Customer-03,134305
2021-01-01,Product-04,Customer-03,131996
2021-02-01,Product-04,Customer-03,145010
2021-03-01,Product-04,Customer-03,116172
2021-04-01,Product-04,Customer-03,129046
2021-05-01,Product-04,Customer-03,138819
2021-06-01,Product-04,Customer-03,138899
2021-07-01,Product-04,Customer-03,153689
2021-08-01,Product-04,Customer-03,128785
2021-09-01,Product-04,Customer-03,124459
2021-10-01,Product-04,Customer-03,144711
2021-11-01,Product-04,Customer-03,149569
2021-12-01,Product-04,Customer-03,126900
2022-01-01,Product-04,Customer-03,123638
2022-02-01,Product-04,Customer-03,131506
2022-03-01,Product-04,Customer-03,133359
2022-04-01,Product-04,Customer-03,146983
2022-05-01,Product-04,Customer-03,142258
2022-06-01,Product-04,Customer-03,173576
2022-07-01,Product-04,Customer-03,179803
2022-08-01,Product-04,Customer-03,162036
2022-09-01,Product-04,Customer-03,172513
2022-10-01,Product-04,Customer-03,148942
2022-11-01,Product-04,Customer-03,138837
2022-12-01,Product-04,Customer-03,137345
2023-01-01,Product-04,Customer-03,145025
2023-02-01,Product-04,Customer-03,168948
2023-03-01,Product-04,Customer-03,153060
2023-04-01,Product-04,Customer-03,153013
2023-05-01,Product-04,Customer-03,175590
2023-06-01,Product-04,Customer-03,164506
2023-07-01,Product-04,Customer-03,181925
2023-08-01,Product-04,Customer-03,163959
2023-09-01,Product-04,Customer-03,186383
2023-10-01,Product-04,Customer-03,182171
2023-11-01,Product-04,Customer-03,177657
2023-12-01,Product-04,Customer-03,179250
2024-01-01,Product-04,Customer-03,178310
2024-02-01,Product-04,Customer-03,159689
2024-03-01,Product-04,Customer-03,164907
2024-04-01,Product-04,Customer-03,173575
2024-05-01,Product-04,Customer-03,209178
2024-06-01,Product-04,Customer-03,215101
2024-07-01,Product-04,Customer-03,171534
2024-08-01,Product-04,Customer-03,166725
2024-09-01,Product-04,Customer-03,215105
2024-10-01,Product-04,Customer-03,197678
2024-11-01,Product-04,Customer-03,163353
2024-12-01,Product-04,Customer-03,178989
2025-01-01,Product-04,Customer-03,167351
2025-02-01,Product-04,Customer-03,168721
2025-03-01,Product-04,Customer-03,201325
2025-04-01,Product-04,Customer-03,177072
2025-05-01,Product-04,Customer-03,197606
2025-06-01,Product-04,Customer-03,221337
2025-07-01,Product-04,Customer-03,221063
2025-08-01,Product-04,Customer-03,229400
2025-09-01,Product-04,Customer-03,189381
2025-10-01,Product-04,Customer-03,182032
2020-11-01,Product-04,Customer-05,69275
2020-12-01,Product-04,Customer-05,73954
2021-01-01,Product-04,Customer-05,88882
2021-02-01,Product-04,Customer-05,91399
2021-03-01,Product-04,Customer-05,75237
2021-04-01,Product-04,Customer-05,87513
2021-05-01,Product-04,Customer-05,82055
2021-06-01,Product-04,Customer-05,104650
2021-07-01,Product-04,Customer-05,107418
2021-08-01,Product-04,Customer-05,84648
2021-09-01,Product-04,Customer-05,85657
2021-10-01,Product-04,Customer-05,90270
2021-11-01,Product-04,Customer-05,87763
2021-12-01,Product-04,Customer-05,80662
2022-01-01,Product-04,Customer-05,89045
2022-02-01,Product-04,Customer-05,99535
2022-03-01,Product-04,Customer-05,80262
2022-04-01,Product-04,Customer-05,108925
2022-05-01,Product-04,Customer-05,89265
2022-06-01,Product-04,Customer-05,94613
2022-07-01,Product-04,Customer-05,114609
2022-08-01,Product-04,Customer-05,95820
2022-09-01,Product-04,Customer-05,108329
2022-10-01,Product-04,Customer-05,101996
2022-11-01,Product-04,Customer-05,106077
2022-12-01,Product-04,Customer-05,111643
2023-01-01,Product-04,Customer-05,110852
2023-02-01,Product-04,Customer-05,84364
2023-03-01,Product-04,Customer-05,108362
2023-04-01,Product-04,Customer-05,90298
2023-05-01,Product-04,Customer-05,119930
2023-06-01,Product-04,Customer-05,119754
2023-07-01,Product-04,Customer-05,116652
2023-08-01,Product-04,Customer-05,107423
2023-09-01,Product-04,Customer-05,121294
2023-10-01,Product-04,Customer-05,103211
2023-11-01,Product-04,Customer-05,93010
2023-12-01,Product-04,Customer-05,118686
2024-01-01,Product-04,Customer-05,118990
2024-02-01,Product-04,Customer-05,96798
2024-03-01,Product-04,Customer-05,97823
2024-04-01,Product-04,Customer-05,117879
2024-05-01,Product-04,Customer-05,132916
2024-06-01,Product-04,Customer-05,111727
2024-07-01,Product-04,Customer-05,132696
2024-08-01,Product-04,Customer-05,135832
2024-09-01,Product-04,Customer-05,111531
2024-10-01,Product-04,Customer-05,123323
2024-11-01,Product-04,Customer-05,108233
2024-12-01,Product-04,Customer-05,130007
2025-01-01,Product-04,Customer-05,110170
2025-02-01,Product-04,Customer-05,114833
2025-03-01,Product-04,Customer-05,126060
2025-04-01,Product-04,Customer-05,120038
2025-05-01,Product-04,Customer-05,140331
2025-06-01,Product-04,Customer-05,143473
2025-07-01,Product-04,Customer-05,156630
2025-08-01,Product-04,Customer-05,158990
2025-09-01,Product-04,Customer-05,140298
2025-10-01,Product-04,Customer-05,113494
2020-11-01,Product-04,Customer-04,53137
2020-12-01,Product-04,Customer-04,65939
2021-01-01,Product-04,Customer-04,53447
2021-02-01,Product-04,Customer-04,57447
2021-03-01,Product-04,Customer-04,54214
2021-04-01,Product-04,Customer-04,54344
2021-05-01,Product-04,Customer-04,70885
2021-06-01,Product-04,Customer-04,69525
2021-07-01,Product-04,Customer-04,61028
2021-08-01,Product-04,Customer-04,77194
2021-09-01,Product-04,Customer-04,56996
2021-10-01,Product-04,Customer-04,58765
2021-11-01,Product-04,Customer-04,68375
2021-12-01,Product-04,Customer-04,64106
2022-01-01,Product-04,Customer-04,70045
2022-02-01,Product-04,Customer-04,63294
2022-03-01,Product-04,Customer-04,69754
2022-04-01,Product-04,Customer-04,74937
2022-05-01,Product-04,Customer-04,74231
2022-06-01,Product-04,Customer-04,64923
2022-07-01,Product-04,Customer-04,80170
2022-08-01,Product-04,Customer-04,73425
2022-09-01,Product-04,Customer-04,68033
2022-10-01,Product-04,Customer-04,73063
2022-11-01,Product-04,Customer-04,66387
2022-12-01,Product-04,Customer-04,62112
2023-01-01,Product-04,Customer-04,76051
2023-02-01,Product-04,Customer-04,70105
2023-03-01,Product-04,Customer-04,75660
2023-04-01,Product-04,Customer-04,81884
2023-05-01,Product-04,Customer-04,75985
2023-06-01,Product-04,Customer-04,79843
2023-07-01,Product-04,Customer-04,76756
2023-08-01,Product-04,Customer-04,71640
2023-09-01,Product-04,Customer-04,81109
2023-10-01,Product-04,Customer-04,76472
2023-11-01,Product-04,Customer-04,71689
2023-12-01,Product-04,Customer-04,77186
2024-01-01,Product-04,Customer-04,68329
2024-02-01,Product-04,Customer-04,68409
2024-03-01,Product-04,Customer-04,83850
2024-04-01,Product-04,Customer-04,80202
2024-05-01,Product-04,Customer-04,78454
2024-06-01,Product-04,Customer-04,98517
2024-07-01,Product-04,Customer-04,95948
2024-08-01,Product-04,Customer-04,94038
2024-09-01,Product-04,Customer-04,99827
2024-10-01,Product-04,Customer-04,92673
2024-11-01,Product-04,Customer-04,75601
2024-12-01,Product-04,Customer-04,84637
2025-01-01,Product-04,Customer-04,92056
2025-02-01,Product-04,Customer-04,83498
2025-03-01,Product-04,Customer-04,87434
2025-04-01,Product-04,Customer-04,103572
2025-05-01,Product-04,Customer-04,96763
2025-06-01,Product-04,Customer-04,108000
2025-07-01,Product-04,Customer-04,86087
2025-08-01,Product-04,Customer-04,89887
2025-09-01,Product-04,Customer-04,108868
2025-10-01,Product-04,Customer-04,91033
2020-11-01,Product-04,Customer-01,62011
2020-12-01,Product-04,Customer-01,56336
2021-01-01,Product-04,Customer-01,60013
2021-02-01,Product-04,Customer-01,60921
2021-03-01,Product-04,Customer-01,52018
2021-04-01,Product-04,Customer-01,58738
2021-05-01,Product-04,Customer-01,65530
2021-06-01,Product-04,Customer-01,66544
2021-07-01,Product-04,Customer-01,65036
2021-08-01,Product-04,Customer-01,61092
2021-09-01,Product-04,Customer-01,71373
2021-10-01,Product-04,Customer-01,57139
2021-11-01,Product-04,Customer-01,67589
2021-12-01,Product-04,Customer-01,73462
2022-01-01,Product-04,Customer-01,69968
2022-02-01,Product-04,Customer-01,65143
2022-03-01,Product-04,Customer-01,58052
2022-04-01,Product-04,Customer-01,71206
2022-05-01,Product-04,Customer-01,73369
2022-06-01,Product-04,Customer-01,72658
2022-07-01,Product-04,Customer-01,83713
2022-08-01,Product-04,Customer-01,64231
2022-09-01,Product-04,Customer-01,75470
2022-10-01,Product-04,Customer-01,69542
2022-11-01,Product-04,Customer-01,66031
2022-12-01,Product-04,Customer-01,77436
2023-01-01,Product-04,Customer-01,80174
2023-02-01,Product-04,Customer-01,67630
2023-03-01,Product-04,Customer-01,73527
2023-04-01,Product-04,Customer-01,66469
2023-05-01,Product-04,Customer-01,72253
2023-06-01,Product-04,Customer-01,84127
2023-07-01,Product-04,Customer-01,82963
2023-08-01,Product-04,Customer-01,89001
2023-09-01,Product-04,Customer-01,87075
2023-10-01,Product-04,Customer-01,86626
2023-11-01,Product-04,Customer-01,78355
2023-12-01,Product-04,Customer-01,85284
2024-01-01,Product-04,Customer-01,73301
2024-02-01,Product-04,Customer-01,72626
2024-03-01,Product-04,Customer-01,88715
2024-04-01,Product-04,Customer-01,91815
2024-05-01,Product-04,Customer-01,83774
2024-06-01,Product-04,Customer-01,98152
2024-07-01,Product-04,Customer-01,90488
2024-08-01,Product-04,Customer-01,81845
2024-09-01,Product-04,Customer-01,80945
2024-10-01,Product-04,Customer-01,80749
2024-11-01,Product-04,Customer-01,94008
2024-12-01,Product-04,Customer-01,73795
2025-01-01,Product-04,Customer-01,93769
2025-02-01,Product-04,Customer-01,77474
2025-03-01,Product-04,Customer-01,94987
2025-04-01,Product-04,Customer-01,95542
2025-05-01,Product-04,Customer-01,104156
2025-06-01,Product-04,Customer-01,86324
2025-07-01,Product-04,Customer-01,91234
2025-08-01,Product-04,Customer-01,93436
2025-09-01,Product-04,Customer-01,96492
2025-10-01,Product-04,Customer-01,83144
2020-11-01,Product-07,Customer-03,100364
2020-12-01,Product-07,Customer-03,107819
2021-01-01,Product-07,Customer-03,105603
2021-02-01,Product-07,Customer-03,94576
2021-03-01,Product-07,Customer-03,101737
2021-04-01,Product-07,Customer-03,108245
2021-05-01,Product-07,Customer-03,110325
2021-06-01,Product-07,Customer-03,122516
2021-07-01,Product-07,Customer-03,119233
2021-08-01,Product-07,Customer-03,102448
2021-09-01,Product-07,Customer-03,99741
2021-10-01,Product-07,Customer-03,123174
2021-11-01,Product-07,Customer-03,107928
2021-12-01,Product-07,Customer-03,129403
2022-01-01,Product-07,Customer-03,112067
2022-02-01,Product-07,Customer-03,117775
2022-03-01,Product-07,Customer-03,103780
2022-04-01,Product-07,Customer-03,127949
2022-05-01,Product-07,Customer-03,126856
2022-06-01,Product-07,Customer-03,128963
2022-07-01,Product-07,Customer-03,110123
2022-08-01,Product-07,Customer-03,111604
2022-09-01,Product-07,Customer-03,129251
2022-10-01,Product-07,Customer-03,112631
2022-11-01,Product-07,Customer-03,103493
2022-12-01,Product-07,Customer-03,106356
2023-01-01,Product-07,Customer-03,124237
2023-02-01,Product-07,Customer-03,117224
2023-03-01,Product-07,Customer-03,109026
2023-04-01,Product-07,Customer-03,134740
2023-05-01,Product-07,Customer-03,111548
2023-06-01,Product-07,Customer-03,140589
2023-07-01,Product-07,Customer-03,157020
2023-08-01,Product-07,Customer-03,147253
2023-09-01,Product-07,Customer-03,120545
2023-10-01,Product-07,Customer-03,136365
2023-11-01,Product-07,Customer-03,118867
2023-12-01,Product-07,Customer-03,113760
2024-01-01,Product-07,Customer-03,147332
2024-02-01,Product-07,Customer-03,144986
2024-03-01,Product-07,Customer-03,152647
2024-04-01,Product-07,Customer-03,129265
2024-05-01,Product-07,Customer-03,127589
2024-06-01,Product-07,Customer-03,166233
2024-07-01,Product-07,Customer-03,166976
2024-08-01,Product-07,Customer-03,141785
2024-09-01,Product-07,Customer-03,162205
2024-10-01,Product-07,Customer-03,145427
2024-11-01,Product-07,Customer-03,153082
2024-12-01,Product-07,Customer-03,130131
2025-01-01,Product-07,Customer-03,118994
2025-02-01,Product-07,Customer-03,137958
2025-03-01,Product-07,Customer-03,164764
2025-04-01,Product-07,Customer-03,161185
2025-05-01,Product-07,Customer-03,167104
2025-06-01,Product-07,Customer-03,151860
2025-07-01,Product-07,Customer-03,183455
2025-08-01,Product-07,Customer-03,138992
2025-09-01,Product-07,Customer-03,160690
2025-10-01,Product-07,Customer-03,153129
2020-11-01,Product-07,Customer-05,76435
2020-12-01,Product-07,Customer-05,76930
2021-01-01,Product-07,Customer-05,76030
2021-02-01,Product-07,Customer-05,63465
2021-03-01,Product-07,Customer-05,61183
2021-04-01,Product-07,Customer-05,75559
2021-05-01,Product-07,Customer-05,81322
2021-06-01,Product-07,Customer-05,84157
2021-07-01,Product-07,Customer-05,68549
2021-08-01,Product-07,Customer-05,78340
2021-09-01,Product-07,Customer-05,84736
2021-10-01,Product-07,Customer-05,78754
2021-11-01,Product-07,Customer-05,62504
2021-12-01,Product-07,Customer-05,74141
2022-01-01,Product-07,Customer-05,65715
2022-02-01,Product-07,Customer-05,69031
2022-03-01,Product-07,Customer-05,75034
2022-04-01,Product-07,Customer-05,71690
2022-05-01,Product-07,Customer-05,81547
2022-06-01,Product-07,Customer-05,89124
2022-07-01,Product-07,Customer-05,85928
2022-08-01,Product-07,Customer-05,74818
2022-09-01,Product-07,Customer-05,79663
2022-10-01,Product-07,Customer-05,82517
2022-11-01,Product-07,Customer-05,74305
2022-12-01,Product-07,Customer-05,73924
2023-01-01,Product-07,Customer-05,79243
2023-02-01,Product-07,Customer-05,69723
2023-03-01,Product-07,Customer-05,88812
2023-04-01,Product-07,Customer-05,93586
2023-05-01,Product-07,Customer-05,87668
2023-06-01,Product-07,Customer-05,81419
2023-07-01,Product-07,Customer-05,102096
2023-08-01,Product-07,Customer-05,102023
2023-09-01,Product-07,Customer-05,80245
2023-10-01,Product-07,Customer-05,87770
2023-11-01,Product-07,Customer-05,73772
2023-12-01,Product-07,Customer-05,81075
2024-01-01,Product-07,Customer-05,93453
2024-02-01,Product-07,Customer-05,84275
2024-03-01,Product-07,Customer-05,94170
2024-04-01,Product-07,Customer-05,83236
2024-05-01,Product-07,Customer-05,85277
2024-06-01,Product-07,Customer-05,83535
2024-07-01,Product-07,Customer-05,84220
2024-08-01,Product-07,Customer-05,99431
2024-09-01,Product-07,Customer-05,104653
2024-10-01,Product-07,Customer-05,96852
2024-11-01,Product-07,Customer-05,84148
2024-12-01,Product-07,Customer-05,90470
2025-01-01,Product-07,Customer-05,99208
2025-02-01,Product-07,Customer-05,105134
2025-03-01,Product-07,Customer-05,81559
2025-04-01,Product-07,Customer-05,106402
2025-05-01,Product-07,Customer-05,102826
2025-06-01,Product-07,Customer-05,112497
2025-07-01,Product-07,Customer-05,113142
2025-08-01,Product-07,Customer-05,107958
2025-09-01,Product-07,Customer-05,93248
2025-10-01,Product-07,Customer-05,107485
2020-11-01,Product-07,Customer-04,42442
2020-12-01,Product-07,Customer-04,55188
2021-01-01,Product-07,Customer-04,51604
2021-02-01,Product-07,Customer-04,55240
2021-03-01,Product-07,Customer-04,54186
2021-04-01,Product-07,Customer-04,47754
2021-05-01,Product-07,Customer-04,46595
2021-06-01,Product-07,Customer-04,56574
2021-07-01,Product-07,Customer-04,47735
2021-08-01,Product-07,Customer-04,61058
2021-09-01,Product-07,Customer-04,61518
2021-10-01,Product-07,Customer-04,49154
2021-11-01,Product-07,Customer-04,57960
2021-12-01,Product-07,Customer-04,52691
2022-01-01,Product-07,Customer-04,51835
2022-02-01,Product-07,Customer-04,56079
2022-03-01,Product-07,Customer-04,55456
2022-04-01,Product-07,Customer-04,52448
2022-05-01,Product-07,Customer-04,62885
2022-06-01,Product-07,Customer-04,49965
2022-07-01,Product-07,Customer-04,64771
2022-08-01,Product-07,Customer-04,60408
2022-09-01,Product-07,Customer-04,64841
2022-10-01,Product-07,Customer-04,58062
2022-11-01,Product-07,Customer-04,55924
2022-12-01,Product-07,Customer-04,65268
2023-01-01,Product-07,Customer-04,48780
2023-02-01,Product-07,Customer-04,64429
2023-03-01,Product-07,Customer-04,62170
2023-04-01,Product-07,Customer-04,59147
2023-05-01,Product-07,Customer-04,66766
2023-06-01,Product-07,Customer-04,61599
2023-07-01,Product-07,Customer-04,62224
2023-08-01,Product-07,Customer-04,65038
2023-09-01,Product-07,Customer-04,57348
2023-10-01,Product-07,Customer-04,64303
2023-11-01,Product-07,Customer-04,67710
2023-12-01,Product-07,Customer-04,67466
2024-01-01,Product-07,Customer-04,59432
2024-02-01,Product-07,Customer-04,67779
2024-03-01,Product-07,Customer-04,55454
2024-04-01,Product-07,Customer-04,69208
2024-05-01,Product-07,Customer-04,74604
2024-06-01,Product-07,Customer-04,77840
2024-07-01,Product-07,Customer-04,59923
2024-08-01,Product-07,Customer-04,65542
2024-09-01,Product-07,Customer-04,60993
2024-10-01,Product-07,Customer-04,65811
2024-11-01,Product-07,Customer-04,66947
2024-12-01,Product-07,Customer-04,73109
2025-01-01,Product-07,Customer-04,63522
2025-02-01,Product-07,Customer-04,70763
2025-03-01,Product-07,Customer-04,64032
2025-04-01,Product-07,Customer-04,77253
2025-05-01,Product-07,Customer-04,75549
2025-06-01,Product-07,Customer-04,78156
2025-07-01,Product-07,Customer-04,66560
2025-08-01,Product-07,Customer-04,76043
2025-09-01,Product-07,Customer-04,79269
2025-10-01,Product-07,Customer-04,69145
2020-11-01,Product-07,Customer-01,51875
2020-12-01,Product-07,Customer-01,43431
2021-01-01,Product-07,Customer-01,45016
2021-02-01,Product-07,Customer-01,52651
2021-03-01,Product-07,Customer-01,52050
2021-04-01,Product-07,Customer-01,50444
2021-05-01,Product-07,Customer-01,50594
2021-06-01,Product-07,Customer-01,61928
2021-07-01,Product-07,Customer-01,51344
2021-08-01,Product-07,Customer-01,58117
2021-09-01,Product-07,Customer-01,49234
2021-10-01,Product-07,Customer-01,46920
2021-11-01,Product-07,Customer-01,56822
2021-12-01,Product-07,Customer-01,57494
2022-01-01,Product-07,Customer-01,53554
2022-02-01,Product-07,Customer-01,48702
2022-03-01,Product-07,Customer-01,54690
2022-04-01,Product-07,Customer-01,56333
2022-05-01,Product-07,Customer-01,62811
2022-06-01,Product-07,Customer-01,50487
2022-07-01,Product-07,Customer-01,61705
2022-08-01,Product-07,Customer-01,64443
2022-09-01,Product-07,Customer-01,50828
2022-10-01,Product-07,Customer-01,50918
2022-11-01,Product-07,Customer-01,59001
2022-12-01,Product-07,Customer-01,53628
2023-01-01,Product-07,Customer-01,56362
2023-02-01,Product-07,Customer-01,53310
2023-03-01,Product-07,Customer-01,56061
2023-04-01,Product-07,Customer-01,54381
2023-05-01,Product-07,Customer-01,67640
2023-06-01,Product-07,Customer-01,72117
2023-07-01,Product-07,Customer-01,66854
2023-08-01,Product-07,Customer-01,68833
2023-09-01,Product-07,Customer-01,57231
2023-10-01,Product-07,Customer-01,59122
2023-11-01,Product-07,Customer-01,52225
2023-12-01,Product-07,Customer-01,68682
2024-01-01,Product-07,Customer-01,65265
2024-02-01,Product-07,Customer-01,56632
2024-03-01,Product-07,Customer-01,66819
2024-04-01,Product-07,Customer-01,69217
2024-05-01,Product-07,Customer-01,70997
2024-06-01,Product-07,Customer-01,66581
2024-07-01,Product-07,Customer-01,63287
2024-08-01,Product-07,Customer-01,63361
2024-09-01,Product-07,Customer-01,62979
2024-10-01,Product-07,Customer-01,74608
2024-11-01,Product-07,Customer-01,61590
2024-12-01,Product-07,Customer-01,57522
2025-01-01,Product-07,Customer-01,70347
2025-02-01,Product-07,Customer-01,64816
2025-03-01,Product-07,Customer-01,68081
2025-04-01,Product-07,Customer-01,72982
2025-05-01,Product-07,Customer-01,73260
2025-06-01,Product-07,Customer-01,63009
2025-07-01,Product-07,Customer-01,70286
2025-08-01,Product-07,Customer-01,84100
2025-09-01,Product-07,Customer-01,81798
2025-10-01,Product-07,Customer-01,70782
2020-11-01,Product-01,Customer-03,41176
2020-12-01,Product-01,Customer-03,36890
2021-01-01,Product-01,Customer-03,40597
2021-02-01,Product-01,Customer-03,36405
2021-03-01,Product-01,Customer-03,36698
2021-04-01,Product-01,Customer-03,42094
2021-05-01,Product-01,Customer-03,41902
2021-06-01,Product-01,Customer-03,48663
2021-07-01,Product-01,Customer-03,40588
2021-08-01,Product-01,Customer-03,39655
2021-09-01,Product-01,Customer-03,40842
2021-10-01,Product-01,Customer-03,37529
2021-11-01,Product-01,Customer-03,43384
2021-12-01,Product-01,Customer-03,37076
2022-01-01,Product-01,Customer-03,34252
2022-02-01,Product-01,Customer-03,35332
2022-03-01,Product-01,Customer-03,36452
2022-04-01,Product-01,Customer-03,41619
2022-05-01,Product-01,Customer-03,41516
2022-06-01,Product-01,Customer-03,39427
2022-07-01,Product-01,Customer-03,43619
2022-08-01,Product-01,Customer-03,43546
2022-09-01,Product-01,Customer-03,48232
2022-10-01,Product-01,Customer-03,42149
2022-11-01,Product-01,Customer-03,44218
2022-12-01,Product-01,Customer-03,40499
2023-01-01,Product-01,Customer-03,45548
2023-02-01,Product-01,Customer-03,39600
2023-03-01,Product-01,Customer-03,39129
2023-04-01,Product-01,Customer-03,45817
2023-05-01,Product-01,Customer-03,41366
2023-06-01,Product-01,Customer-03,53160
2023-07-01,Product-01,Customer-03,55129
2023-08-01,Product-01,Customer-03,41723
2023-09-01,Product-01,Customer-03,49850
2023-10-01,Product-01,Customer-03,39848
2023-11-01,Product-01,Customer-03,49751
2023-12-01,Product-01,Customer-03,42763
2024-01-01,Product-01,Customer-03,43015
2024-02-01,Product-01,Customer-03,51671
2024-03-01,Product-01,Customer-03,47526
2024-04-01,Product-01,Customer-03,43404
2024-05-01,Product-01,Customer-03,54825
2024-06-01,Product-01,Customer-03,44399
2024-07-01,Product-01,Customer-03,59353
2024-08-01,Product-01,Customer-03,49014
2024-09-01,Product-01,Customer-03,56791
2024-10-01,Product-01,Customer-03,54943
2024-11-01,Product-01,Customer-03,40992
2024-12-01,Product-01,Customer-03,52943
2025-01-01,Product-01,Customer-03,46833
2025-02-01,Product-01,Customer-03,46238
2025-03-01,Product-01,Customer-03,46986
2025-04-01,Product-01,Customer-03,51042
2025-05-01,Product-01,Customer-03,51953
2025-06-01,Product-01,Customer-03,52298
2025-07-01,Product-01,Customer-03,59699
2025-08-01,Product-01,Customer-03,57671
2025-09-01,Product-01,Customer-03,56413
2025-10-01,Product-01,Customer-03,49977
2020-11-01,Product-01,Customer-05,39436
2020-12-01,Product-01,Customer-05,41900
2021-01-01,Product-01,Customer-05,43561
2021-02-01,Product-01,Customer-05,40515
2021-03-01,Product-01,Customer-05,46648
2021-04-01,Product-01,Customer-05,41761
2021-05-01,Product-01,Customer-05,47478
2021-06-01,Product-01,Customer-05,40783
2021-07-01,Product-01,Customer-05,46059
2021-08-01,Product-01,Customer-05,40720
2021-09-01,Product-01,Customer-05,49654
2021-10-01,Product-01,Customer-05,44985
2021-11-01,Product-01,Customer-05,47891
2021-12-01,Product-01,Customer-05,47601
2022-01-01,Product-01,Customer-05,36950
2022-02-01,Product-01,Customer-05,37214
2022-03-01,Product-01,Customer-05,37528
2022-04-01,Product-01,Customer-05,39277
2022-05-01,Product-01,Customer-05,50609
2022-06-01,Product-01,Customer-05,52127
2022-07-01,Product-01,Customer-05,49591
2022-08-01,Product-01,Customer-05,51229
2022-09-01,Product-01,Customer-05,52445
2022-10-01,Product-01,Customer-05,41334
2022-11-01,Product-01,Customer-05,42116
2022-12-01,Product-01,Customer-05,49333
2023-01-01,Product-01,Customer-05,41493
2023-02-01,Product-01,Customer-05,38550
2023-03-01,Product-01,Customer-05,52313
2023-04-01,Product-01,Customer-05,50052
2023-05-01,Product-01,Customer-05,50209
2023-06-01,Product-01,Customer-05,43904
2023-07-01,Product-01,Customer-05,53845
2023-08-01,Product-01,Customer-05,47988
2023-09-01,Product-01,Customer-05,48667
2023-10-01,Product-01,Customer-05,45090
2023-11-01,Product-01,Customer-05,45175
2023-12-01,Product-01,Customer-05,44443
2024-01-01,Product-01,Customer-05,43274
2024-02-01,Product-01,Customer-05,41310
2024-03-01,Product-01,Customer-05,41841
2024-04-01,Product-01,Customer-05,48150
2024-05-01,Product-01,Customer-05,45509
2024-06-01,Product-01,Customer-05,51713
2024-07-01,Product-01,Customer-05,48488
2024-08-01,Product-01,Customer-05,59233
2024-09-01,Product-01,Customer-05,55012
2024-10-01,Product-01,Customer-05,56389
2024-11-01,Product-01,Customer-05,51493
2024-12-01,Product-01,Customer-05,49414
2025-01-01,Product-01,Customer-05,48748
2025-02-01,Product-01,Customer-05,51704
2025-03-01,Product-01,Customer-05,45911
2025-04-01,Product-01,Customer-05,47519
2025-05-01,Product-01,Customer-05,55888
2025-06-01,Product-01,Customer-05,52545
2025-07-01,Product-01,Customer-05,60830
2025-08-01,Product-01,Customer-05,55284
2025-09-01,Product-01,Customer-05,54283
2025-10-01,Product-01,Customer-05,51482
2020-11-01,Product-01,Customer-04,33189
2020-12-01,Product-01,Customer-04,32422
2021-01-01,Product-01,Customer-04,28540
2021-02-01,Product-01,Customer-04,27533
2021-03-01,Product-01,Customer-04,33671
2021-04-01,Product-01,Customer-04,35254
2021-05-01,Product-01,Customer-04,30729
2021-06-01,Product-01,Customer-04,29343
2021-07-01,Product-01,Customer-04,30163
2021-08-01,Product-01,Customer-04,29514
2021-09-01,Product-01,Customer-04,30609
2021-10-01,Product-01,Customer-04,27869
2021-11-01,Product-01,Customer-04,33350
2021-12-01,Product-01,Customer-04,27966
2022-01-01,Product-01,Customer-04,31550
2022-02-01,Product-01,Customer-04,31970
2022-03-01,Product-01,Customer-04,33571
2022-04-01,Product-01,Customer-04,34690
2022-05-01,Product-01,Customer-04,30468
2022-06-01,Product-01,Customer-04,36150
2022-07-01,Product-01,Customer-04,40463
2022-08-01,Product-01,Customer-04,40206
2022-09-01,Product-01,Customer-04,31102
2022-10-01,Product-01,Customer-04,31169
2022-11-01,Product-01,Customer-04,35435
2022-12-01,Product-01,Customer-04,32086
2023-01-01,Product-01,Customer-04,30335
2023-02-01,Product-01,Customer-04,37283
2023-03-01,Product-01,Customer-04,36405
2023-04-01,Product-01,Customer-04,39458
2023-05-01,Product-01,Customer-04,37532
2023-06-01,Product-01,Customer-04,34499
2023-07-01,Product-01,Customer-04,42848
2023-08-01,Product-01,Customer-04,34801
2023-09-01,Product-01,Customer-04,36119
2023-10-01,Product-01,Customer-04,35752
2023-11-01,Product-01,Customer-04,38803
2023-12-01,Product-01,Customer-04,39801
2024-01-01,Product-01,Customer-04,38441
2024-02-01,Product-01,Customer-04,37245
2024-03-01,Product-01,Customer-04,38935
2024-04-01,Product-01,Customer-04,41288
2024-05-01,Product-01,Customer-04,42043
2024-06-01,Product-01,Customer-04,38210
2024-07-01,Product-01,Customer-04,34982
2024-08-01,Product-01,Customer-04,41392
2024-09-01,Product-01,Customer-04,42689
2024-10-01,Product-01,Customer-04,32831
2024-11-01,Product-01,Customer-04,32502
2024-12-01,Product-01,Customer-04,42307
2025-01-01,Product-01,Customer-04,41066
2025-02-01,Product-01,Customer-04,32363
2025-03-01,Product-01,Customer-04,43187
2025-04-01,Product-01,Customer-04,35726
2025-05-01,Product-01,Customer-04,42878
2025-06-01,Product-01,Customer-04,46572
2025-07-01,Product-01,Customer-04,38902
2025-08-01,Product-01,Customer-04,45986
2025-09-01,Product-01,Customer-04,45880
2025-10-01,Product-01,Customer-04,43609
2020-11-01,Product-10,Customer-03,28088
2020-12-01,Product-10,Customer-03,29674
2021-01-01,Product-10,Customer-03,27635
2021-02-01,Product-10,Customer-03,35199
2021-03-01,Product-10,Customer-03,33093
2021-04-01,Product-10,Customer-03,36762
2021-05-01,Product-10,Customer-03,34760
2021-06-01,Product-10,Customer-03,41309
2021-07-01,Product-10,Customer-03,35466
2021-08-01,Product-10,Customer-03,40703
2021-09-01,Product-10,Customer-03,37004
2021-10-01,Product-10,Customer-03,35275
2021-11-01,Product-10,Customer-03,41366
2021-12-01,Product-10,Customer-03,42119
2022-01-01,Product-10,Customer-03,38895
2022-02-01,Product-10,Customer-03,34879
2022-03-01,Product-10,Customer-03,33777
2022-04-01,Product-10,Customer-03,37977
2022-05-01,Product-10,Customer-03,44778
2022-06-01,Product-10,Customer-03,47695
2022-07-01,Product-10,Customer-03,52518
2022-08-01,Product-10,Customer-03,52667
2022-09-01,Product-10,Customer-03,42240
2022-10-01,Product-10,Customer-03,43108
2022-11-01,Product-10,Customer-03,39380
2022-12-01,Product-10,Customer-03,40909
2023-01-01,Product-10,Customer-03,49329
2023-02-01,Product-10,Customer-03,42577
2023-03-01,Product-10,Customer-03,48684
2023-04-01,Product-10,Customer-03,47967
2023-05-01,Product-10,Customer-03,55991
2023-06-01,Product-10,Customer-03,56768
2023-07-01,Product-10,Customer-03,49426
2023-08-01,Product-10,Customer-03,62048
2023-09-01,Product-10,Customer-03,46730
2023-10-01,Product-10,Customer-03,59633
2023-11-01,Product-10,Customer-03,56153
2023-12-01,Product-10,Customer-03,55522
2024-01-01,Product-10,Customer-03,50126
2024-02-01,Product-10,Customer-03,49805
2024-03-01,Product-10,Customer-03,60885
2024-04-01,Product-10,Customer-03,55232
2024-05-01,Product-10,Customer-03,62707
2024-06-01,Product-10,Customer-03,55762
2024-07-01,Product-10,Customer-03,60160
2024-08-01,Product-10,Customer-03,65740
2024-09-01,Product-10,Customer-03,67506
2024-10-01,Product-10,Customer-03,64196
2024-11-01,Product-10,Customer-03,56023
2024-12-01,Product-10,Customer-03,61314
2025-01-01,Product-10,Customer-03,72048
2025-02-01,Product-10,Customer-03,59663
2025-03-01,Product-10,Customer-03,57904
2025-04-01,Product-10,Customer-03,62906
2025-05-01,Product-10,Customer-03,62306
2025-06-01,Product-10,Customer-03,73679
2025-07-01,Product-10,Customer-03,69950
2025-08-01,Product-10,Customer-03,82498
2025-09-01,Product-10,Customer-03,74449
2025-10-01,Product-10,Customer-03,74979
2020-11-01,Product-10,Customer-05,33680
2020-12-01,Product-10,Customer-05,30605
2021-01-01,Product-10,Customer-05,28702
2021-02-01,Product-10,Customer-05,28364
2021-03-01,Product-10,Customer-05,36279
2021-04-01,Product-10,Customer-05,32918
2021-05-01,Product-10,Customer-05,40811
2021-06-01,Product-10,Customer-05,40756
2021-07-01,Product-10,Customer-05,43521
2021-08-01,Product-10,Customer-05,43882
2021-09-01,Product-10,Customer-05,36978
2021-10-01,Product-10,Customer-05,39545
2021-11-01,Product-10,Customer-05,32356
2021-12-01,Product-10,Customer-05,34378
2022-01-01,Product-10,Customer-05,40784
2022-02-01,Product-10,Customer-05,37246
2022-03-01,Product-10,Customer-05,35314
2022-04-01,Product-10,Customer-05,43803
2022-05-01,Product-10,Customer-05,42262
2022-06-01,Product-10,Customer-05,50354
2022-07-01,Product-10,Customer-05,45742
2022-08-01,Product-10,Customer-05,53170
2022-09-01,Product-10,Customer-05,47449
2022-10-01,Product-10,Customer-05,42658
2022-11-01,Product-10,Customer-05,42428
2022-12-01,Product-10,Customer-05,43781
2023-01-01,Product-10,Customer-05,50120
2023-02-01,Product-10,Customer-05,53606
2023-03-01,Product-10,Customer-05,48136
2023-04-01,Product-10,Customer-05,51107
2023-05-01,Product-10,Customer-05,58640
2023-06-01,Product-10,Customer-05,48535
2023-07-01,Product-10,Customer-05,63155
2023-08-01,Product-10,Customer-05,62931
2023-09-01,Product-10,Customer-05,53837
2023-10-01,Product-10,Customer-05,48999
2023-11-01,Product-10,Customer-05,47617
2023-12-01,Product-10,Customer-05,52133
2024-01-01,Product-10,Customer-05,48765
2024-02-01,Product-10,Customer-05,50177
2024-03-01,Product-10,Customer-05,62231
2024-04-01,Product-10,Customer-05,58242
2024-05-01,Product-10,Customer-05,58518
2024-06-01,Product-10,Customer-05,61515
2024-07-01,Product-10,Customer-05,60515
2024-08-01,Product-10,Customer-05,77924
2024-09-01,Product-10,Customer-05,64879
2024-10-01,Product-10,Customer-05,63917
2024-11-01,Product-10,Customer-05,67146
2024-12-01,Product-10,Customer-05,61158
2025-01-01,Product-10,Customer-05,66005
2025-02-01,Product-10,Customer-05,67038
2025-03-01,Product-10,Customer-05,78229
2025-04-01,Product-10,Customer-05,70014
2025-05-01,Product-10,Customer-05,65095
2025-06-01,Product-10,Customer-05,82080
2025-07-01,Product-10,Customer-05,71785
2025-08-01,Product-10,Customer-05,89826
2025-09-01,Product-10,Customer-05,82171
2025-10-01,Product-10,Customer-05,82479
2020-11-01,Product-10,Customer-04,25808
2020-12-01,Product-10,Customer-04,22210
2021-01-01,Product-10,Customer-04,26626
2021-02-01,Product-10,Customer-04,23733
2021-03-01,Product-10,Customer-04,22411
2021-04-01,Product-10,Customer-04,25327
2021-05-01,Product-10,Customer-04,26492
2021-06-01,Product-10,Customer-04,24336
2021-07-01,Product-10,Customer-04,29275
2021-08-01,Product-10,Customer-04,30062
2021-09-01,Product-10,Customer-04,30480
2021-10-01,Product-10,Customer-04,28053
2021-11-01,Product-10,Customer-04,29527
2021-12-01,Product-10,Customer-04,29963
2022-01-01,Product-10,Customer-04,29101
2022-02-01,Product-10,Customer-04,25938
2022-03-01,Product-10,Customer-04,33605
2022-04-01,Product-10,Customer-04,26950
2022-05-01,Product-10,Customer-04,31947
2022-06-01,Product-10,Customer-04,30560
2022-07-01,Product-10,Customer-04,34895
2022-08-01,Product-10,Customer-04,38751
2022-09-01,Product-10,Customer-04,35416
2022-10-01,Product-10,Customer-04,38089
2022-11-01,Product-10,Customer-04,36408
2022-12-01,Product-10,Customer-04,33066
2023-01-01,Product-10,Customer-04,29521
2023-02-01,Product-10,Customer-04,32639
2023-03-01,Product-10,Customer-04,38832
2023-04-01,Product-10,Customer-04,33243
2023-05-01,Product-10,Customer-04,43169
2023-06-01,Product-10,Customer-04,41841
2023-07-01,Product-10,Customer-04,39279
2023-08-01,Product-10,Customer-04,48095
2023-09-01,Product-10,Customer-04,43422
2023-10-01,Product-10,Customer-04,34948
2023-11-01,Product-10,Customer-04,44709
2023-12-01,Product-10,Customer-04,38697
2024-01-01,Product-10,Customer-04,38348
2024-02-01,Product-10,Customer-04,45685
2024-03-01,Product-10,Customer-04,46742
2024-04-01,Product-10,Customer-04,49770
2024-05-01,Product-10,Customer-04,40841
2024-06-01,Product-10,Customer-04,45788
2024-07-01,Product-10,Customer-04,56590
2024-08-01,Product-10,Customer-04,53433
2024-09-01,Product-10,Customer-04,54409
2024-10-01,Product-10,Customer-04,53365
2024-11-01,Product-10,Customer-04,49071
2024-12-01,Product-10,Customer-04,56192
2025-01-01,Product-10,Customer-04,46906
2025-02-01,Product-10,Customer-04,52310
2025-03-01,Product-10,Customer-04,55109
2025-04-01,Product-10,Customer-04,58692
2025-05-01,Product-10,Customer-04,53207
2025-06-01,Product-10,Customer-04,51949
2025-07-01,Product-10,Customer-04,56368
2025-08-01,Product-10,Customer-04,66233
2025-09-01,Product-10,Customer-04,67471
2025-10-01,Product-10,Customer-04,49971
